BF,dataset,dim,size,nonlinearity,mean,harmonic_mean,standard_deviation,median,MSE_PRSM_1,RMSE_PRSM_1,MAE_PRSM_1,MSE_PRSM_2,RMSE_PRSM_2,MAE_PRSM_2,gradient1,gradient2,gradient3,gradient4
BF1,BF1_1,2,12,0.775000478,-4.63E-17,9.228196512,1,-0.484774066,0.949375215,0.974358874,0.759961373,0.124478182,0.352814657,0.321011276,-0.124139849,0.005022893,0.336154433,0.001854925
BF1,BF1_2,2,24,0.429622353,0,-1.109784662,1,-0.480995024,0.67466934,0.821382578,0.676502643,0.089452049,0.299085354,0.258358352,0.018984931,0.041958169,0.112244798,0.007096747
BF1,BF1_3,2,36,0.757667345,3.85E-17,-0.683982967,1,-0.337987377,0.941274884,0.97019322,0.714250504,0.240650409,0.490561321,0.400077168,0.016934315,0.038203325,0.142703313,0.004533512
BF1,BF1_4,2,48,0.525753358,5.55E-17,-0.473197732,1,-0.37398932,0.775090122,0.880392028,0.62965258,0.230247565,0.479841188,0.362201634,-0.022239738,0.029819709,0.194145067,0.003415912
BF1,BF1_5,2,60,0.351713257,-1.30E-17,-0.260443106,1,-0.410563305,0.579724299,0.761396282,0.58311445,0.17429712,0.417489066,0.308126813,0.022986414,0.026973056,0.153402814,0.004041737
BF1,BF1_6,2,72,0.65849664,-1.60E-16,-11.13258214,1,-0.367896515,0.883375455,0.939880554,0.669128754,0.209498797,0.457710386,0.342594061,-0.017136491,0.024216943,0.144079915,0.0028803
BF1,BF1_7,2,84,0.602341596,3.04E-17,-1.3104334,1,-0.400953976,0.841867794,0.917533538,0.662151912,0.267993484,0.51768087,0.413087518,0.001387842,0.013028965,0.164686645,0.000109797
BF1,BF1_8,2,96,0.651593344,-6.48E-17,-0.86721753,1,-0.31056852,0.878612802,0.937343481,0.75232973,0.29200175,0.540371862,0.438874838,0.002395842,0.013772171,0.110920045,0.000297475
BF1,BF1_9,2,108,0.523909455,-3.08E-17,-0.146814615,1,-0.350568847,0.773337793,0.879396266,0.624435896,0.251375542,0.501373655,0.398107293,-0.005505447,0.019524622,0.131790545,0.000815626
BF1,BF1_10,2,120,0.61566585,3.33E-17,0.167099182,1,-0.432910481,0.852287261,0.923194054,0.695005825,0.250751055,0.500750492,0.396731826,-0.003133491,0.0243219,0.119641411,0.000637007
BF2,BF2_1,2,12,0.377531482,1.85E-16,-0.27564088,1,-0.427337489,0.612532945,0.782644839,0.684512858,0.05018204,0.224013481,0.190550747,0.073602605,0.055245201,0.409413898,0.009931736
BF2,BF2_2,2,24,0.691139285,-9.25E-17,-3.067411263,1,-0.436342407,0.904605059,0.95110728,0.714001297,0.29661277,0.544621676,0.461509842,-0.045374691,0.007440048,0.470554709,0.00071743
BF2,BF2_3,2,36,0.830417963,-2.44E-16,0.070980975,1,-0.32522406,0.971241933,0.985516074,0.754769101,0.543999611,0.737563293,0.551283341,-0.010391137,0.001503434,0.349621639,4.47E-05
BF2,BF2_4,2,48,0.86756386,1.02E-16,-0.68305624,1,-0.415118957,0.982460669,0.99119154,0.777780312,0.451602433,0.672013715,0.514984471,0.064562028,0.004929791,0.283004599,0.001124636
BF2,BF2_5,2,60,0.982285177,-1.11E-17,-0.862732714,1,-0.357679756,0.999686185,0.99984308,0.691674952,0.529024684,0.72734083,0.56590811,-0.007877445,0.012917043,0.368230035,0.000276331
BF2,BF2_6,2,72,0.836471843,0,-1.438691575,1,-0.280192996,0.973258542,0.986538667,0.650087358,0.485074639,0.696473,0.522008421,-0.023049028,0.003450241,0.33118359,0.000240123
BF2,BF2_7,2,84,0.90032531,-1.95E-17,-0.040702579,1,-0.317655403,0.990064956,0.995020078,0.688647396,0.565335729,0.75188811,0.571614807,-0.013520498,0.006275989,0.343137174,0.00024729
BF2,BF2_8,2,96,0.918174534,4.16E-17,-0.820156169,1,-0.328644592,0.993304593,0.996646674,0.714323714,0.560116277,0.748409164,0.556904143,-0.037611099,0.010278928,0.317325565,0.001218313
BF2,BF2_9,2,108,0.947869022,1.05E-16,-0.627911541,1,-0.300864396,0.997282361,0.998640256,0.70386863,0.565689092,0.752123056,0.571763604,0.005992241,0.014210632,0.324199262,0.000262658
BF2,BF2_10,2,120,0.893328456,2.59E-17,-0.734093841,1,-0.283931529,0.988621182,0.994294313,0.721550911,0.545468058,0.738558094,0.554802074,-0.006739595,0.007529202,0.269599082,0.000188219
BF3,BF3_1,2,12,0.381706219,4.63E-17,-0.299338791,1,-0.365032859,0.617712801,0.785947072,0.602935885,0.132832598,0.364462067,0.309258567,0.214336458,0.013558798,0.428449311,0.006782937
BF3,BF3_2,2,24,0.439473798,9.25E-18,-22.07590792,1,-0.442757938,0.685810377,0.82813669,0.584358579,0.369499751,0.607864912,0.430592653,0.032559361,0.029125207,0.235006732,0.004035196
BF3,BF3_3,2,36,0.36112156,6.17E-17,-0.492101318,1,-0.393995598,0.591834339,0.769307701,0.5760123,0.203657221,0.45128397,0.347824052,0.025387584,0.023330624,0.189779891,0.003121027
BF3,BF3_4,2,48,0.368103463,-4.16E-17,-0.283633669,1,-0.437880989,0.600706766,0.775052751,0.628821223,0.215540709,0.46426362,0.36217747,0.014903326,0.014121168,0.157231907,0.001338484
BF3,BF3_5,2,60,0.422695969,7.40E-17,-0.761147206,1,-0.315130879,0.666720056,0.816529275,0.539554414,0.335078817,0.578859928,0.39715094,0.051918514,0.003438258,0.180138833,0.000990954
BF3,BF3_6,2,72,0.461402589,0,-0.284626383,1,-0.350496704,0.709912829,0.842563249,0.5736751,0.366234127,0.605172808,0.423262211,0.041475552,0.007463078,0.179712259,0.001722394
BF3,BF3_7,2,84,0.526686086,4.89E-17,-0.882362746,1,-0.413908177,0.775973938,0.880893829,0.594281315,0.528797736,0.727184802,0.467115465,0.030832312,0.01373583,0.21484229,0.001971248
BF3,BF3_8,2,96,0.554249567,1.39E-17,0.456343222,1,-0.385262064,0.801306551,0.895157277,0.623801969,0.502698429,0.709012291,0.47771794,0.014733987,0.014754487,0.150405547,0.001445375
BF3,BF3_9,2,108,0.524008211,-1.05E-16,-0.010111948,1,-0.394136289,0.773431817,0.879449724,0.588844006,0.419760617,0.647889356,0.451750208,0.022893047,0.005077544,0.125178841,0.000928595
BF3,BF3_10,2,120,0.459223679,-7.40E-17,-0.487571245,1,-0.381905506,0.70756097,0.841166434,0.580263383,0.394639874,0.628203688,0.421396334,0.049653297,0.007773172,0.185034682,0.002085899
BF4,BF4_1,3,20,0.285324904,-2.78E-17,0.635217612,1,0.479068598,0.489239507,0.69945658,0.578367363,0.097551668,0.312332625,0.193023474,-0.017152536,0.106401353,0.335146936,0.015465559
BF4,BF4_2,3,40,0.323667108,-3.33E-17,-0.84477482,1,0.45422704,0.542573819,0.736596103,0.518913403,0.233749117,0.483476077,0.341737964,-0.037415029,0.037347296,0.248717544,0.004106885
BF4,BF4_3,3,60,0.336017014,3.42E-17,1.090471529,1,0.427017889,0.559126594,0.747747681,0.560533629,0.224397917,0.473706573,0.329996583,-0.044446059,0.041378289,0.230400243,0.005359795
BF4,BF4_4,3,80,0.377777791,5.55E-17,0.464132424,1,0.387142307,0.612839522,0.782840675,0.582758144,0.240251233,0.490154296,0.370661387,-0.016152088,0.014116235,0.170534361,0.001510393
BF4,BF4_5,3,100,0.339567255,-1.50E-17,0.475605897,1,0.399125704,0.563828589,0.750885203,0.477046154,0.290568417,0.539043984,0.338129767,0.007686201,0.008365267,0.132222582,0.000640656
BF4,BF4_6,3,120,0.509343695,3.70E-17,0.382245688,1,0.341923192,0.759256391,0.871353195,0.516605422,0.508199198,0.712880914,0.429598685,-0.024433503,0.041263521,0.312081428,0.003827042
BF4,BF4_7,3,140,0.472169187,-1.90E-17,0.682113334,1,0.371149412,0.721394633,0.849349535,0.529719307,0.457061798,0.676063457,0.414129386,0.006082796,0.017943126,0.227522152,0.000980488
BF4,BF4_8,3,160,0.40983506,-3.33E-17,1.043648765,1,0.357162561,0.651705344,0.807282691,0.540069987,0.343311911,0.585928248,0.393356664,-0.051367901,0.025376581,0.292498493,0.005104509
BF4,BF4_9,3,180,0.420736756,4.93E-18,0.56814989,1,0.374396194,0.664454095,0.815140537,0.554296682,0.398058767,0.630918986,0.414092824,-0.01466428,0.008402777,0.211324348,0.000531848
BF4,BF4_10,3,200,0.36519432,4.44E-17,0.543601297,1,0.398847907,0.597021748,0.772671825,0.524191595,0.35119536,0.59261738,0.342168564,-0.00506879,0.008453108,0.200503116,0.000314289
BF5,BF5_1,6,56,0.678080014,0,0.249433524,1,0.206484331,0.896367522,0.946766879,0.412595326,0.28512809,0.533973867,0.37896233,-0.051295713,0.045602363,0.316325298,0.006761353
BF5,BF5_2,6,112,0.664640644,-3.17E-17,0.343525377,1,0.270076948,0.887534103,0.942090284,0.432837489,0.724584112,0.851225066,0.41246816,-0.020187107,0.03703219,0.579405662,0.001122452
BF5,BF5_3,6,168,0.650613729,0,0.206158987,1,0.230275177,0.877929233,0.93697878,0.422713883,0.700206223,0.836783259,0.409924178,0.025370496,0.064446666,0.488305652,0.004221595
BF5,BF5_4,6,224,0.802873025,7.93E-18,0.137155393,1,0.106298686,0.961140956,0.980377966,0.239970871,0.831716006,0.911984652,0.32619979,-0.035080855,0.036201728,0.510446504,0.000627831
BF5,BF5_5,6,280,0.67287298,2.54E-17,0.17940336,1,0.208350038,0.892987913,0.944980377,0.389589765,0.770033145,0.877515325,0.387887469,-0.021063697,0.042621148,0.504675339,0.002268103
BF5,BF5_6,6,336,0.735670991,-2.11E-17,0.199176163,1,0.202237149,0.930130175,0.964432566,0.348655342,0.851060085,0.922529178,0.37389708,0.012391691,0.051454921,0.539441322,0.003055394
BF5,BF5_7,6,392,0.676762801,9.06E-18,0.470543088,1,0.280574136,0.895517713,0.946317977,0.456277305,0.790023169,0.888832475,0.459411133,-0.007402948,0.031357054,0.486317546,0.001420151
BF5,BF5_8,6,448,0.692427646,3.17E-17,0.2633825,1,0.216825612,0.905399247,0.951524696,0.385286731,0.793727362,0.890913779,0.390358355,0.005079272,0.02527291,0.424931226,0.000819032
BF5,BF5_9,6,504,0.720546871,7.05E-18,0.161511263,1,0.175855898,0.921905948,0.960159335,0.336290934,0.828510791,0.910225681,0.342223466,-0.011100003,0.021869173,0.329251763,0.000616921
BF5,BF5_10,6,560,0.72108996,2.22E-17,0.220825444,1,0.215527394,0.92220919,0.960317234,0.386470481,0.839159647,0.916056574,0.400118485,-0.016546119,0.011475922,0.408737683,0.000694673
BF6,BF6_1,3,20,0.651544566,-2.08E-17,0.31137644,1,-0.083741916,0.87857881,0.937325349,0.780263951,1.63E-30,1.28E-15,1.02E-15,0.020529346,0.037269815,0.416702609,0.002444935
BF6,BF6_2,3,40,0.663039617,6.66E-17,-0.277927635,1,-0.382870925,0.8864577,0.941518826,0.798531701,7.96E-31,8.92E-16,7.15E-16,-0.006074443,0.070706698,0.22398887,0.0099164
BF6,BF6_3,3,60,0.688367449,1.11E-16,4.160803252,1,-0.23753448,0.902885153,0.950202691,0.728520804,2.69E-30,1.64E-15,1.16E-15,0.002763312,0.028529416,0.202496941,0.001753473
BF6,BF6_4,3,80,0.778731616,-3.33E-17,0.909416373,1,-0.296458617,0.951040302,0.975212952,0.719756021,1.96E-30,1.40E-15,1.04E-15,-0.018415005,0.00736792,0.179357299,0.000846
BF6,BF6_5,3,100,0.713486943,5.94E-17,-0.606438196,1,-0.275952677,0.917910268,0.958076337,0.730128939,1.25E-30,1.12E-15,8.70E-16,-0.011987313,0.020126792,0.179846854,0.001344362
BF6,BF6_6,3,120,0.672807136,6.66E-17,-0.806005531,1,-0.327544873,0.89294483,0.944957581,0.757115114,3.92E-31,6.26E-16,4.42E-16,0.01332083,0.010092865,0.153981946,0.000638338
BF6,BF6_7,3,140,0.751933359,7.61E-17,0.832160963,1,-0.209734437,0.938462942,0.96874297,0.780851433,8.78E-31,9.37E-16,7.87E-16,0.002395075,0.002212028,0.15778668,4.45E-05
BF6,BF6_8,3,160,0.751249307,7.77E-17,1.305896295,1,-0.202644248,0.938123093,0.968567547,0.772915943,1.34E-30,1.16E-15,9.03E-16,-0.002611761,0.014097912,0.150567178,0.000574638
BF6,BF6_9,3,180,0.699800151,-4.93E-17,0.27890635,1,-0.208152374,0.909880051,0.953876329,0.755501311,1.29E-30,1.13E-15,8.24E-16,-0.003017185,0.008135444,0.136476928,7.95E-05
BF6,BF6_10,3,200,0.694796018,4.00E-17,10.22435219,1,-0.166493102,0.906850529,0.952286999,0.736943879,7.18E-30,2.68E-15,2.05E-15,1.04E-05,0.015025429,0.151474841,0.000526283
BF7,BF7_1,4,30,0.13036751,5.09E-18,-0.780587989,1,-0.254059932,0.243739333,0.493699638,0.409358396,8.76E-31,9.36E-16,7.07E-16,0.100163411,0.04028867,0.26627761,0.01622824
BF7,BF7_2,4,60,0.228001537,6.85E-17,-0.211849171,1,-0.233212752,0.404018373,0.635624396,0.55734933,2.91E-30,1.71E-15,1.35E-15,0.05218971,0.0496938,0.210307841,0.009565389
BF7,BF7_3,4,90,0.221843616,2.58E-16,1.969075763,1,-0.337190822,0.394472642,0.628070571,0.532368343,1.05E-30,1.02E-15,7.57E-16,0.042935521,0.028124157,0.232986468,0.005287182
BF7,BF7_4,4,120,0.157680364,9.99E-17,0.718646326,1,-0.36946514,0.29049763,0.538978321,0.449393469,3.49E-30,1.87E-15,1.38E-15,0.012397428,0.032390231,0.166837137,0.004985622
BF7,BF7_5,4,150,0.178017209,8.49E-17,-3.97278962,1,-0.352900625,0.324344291,0.569512327,0.472198839,9.73E-31,9.86E-16,7.28E-16,0.035430515,0.031793864,0.160512103,0.008386646
BF7,BF7_6,4,180,0.244938673,1.33E-16,-0.773551834,1,-0.242199021,0.429882393,0.655654172,0.556687625,5.22E-30,2.29E-15,1.70E-15,0.023488079,0.031724363,0.171293132,0.006714269
BF7,BF7_7,4,210,0.211989619,-2.96E-17,-0.500809311,1,-0.224328072,0.379039639,0.615661952,0.517278176,1.75E-30,1.32E-15,1.04E-15,0.030152237,0.030877851,0.170032272,0.007448923
BF7,BF7_8,4,240,0.204679949,7.77E-17,-2.32187444,1,-0.256527606,0.367466016,0.606189752,0.493732838,2.53E-30,1.59E-15,1.31E-15,0.016838473,0.028321655,0.158424331,0.004745824
BF7,BF7_9,4,270,0.194544219,-7.89E-17,-0.635109742,1,-0.320755088,0.351240984,0.592655874,0.495011008,2.59E-30,1.61E-15,1.29E-15,0.025954317,0.033075483,0.157095139,0.005933625
BF7,BF7_10,4,300,0.210006103,5.92E-17,22.79744372,1,-0.261854808,0.375909643,0.613114706,0.504401329,3.71E-30,1.93E-15,1.44E-15,0.017709314,0.027690577,0.154524162,0.003906088
BF8,BF8_1,5,42,0.323496304,-2.11E-17,0.527493221,1,0.394563288,0.542342749,0.736439237,0.495480027,0.096176154,0.310122804,0.219063198,-0.083953163,0.075533398,0.350688293,0.010124665
BF8,BF8_2,5,84,0.373072695,-2.64E-17,-0.170566674,1,0.319591913,0.606962154,0.779077758,0.4404239,0.201774102,0.449192723,0.300962887,-0.044572318,0.02082561,0.215446931,0.00521902
BF8,BF8_3,5,126,0.292290828,-3.66E-17,0.375873681,1,0.374605792,0.499147728,0.706503877,0.454107964,0.094147917,0.306835325,0.208280243,-0.042117362,0.013335508,0.269966326,0.001703253
BF8,BF8_4,5,168,0.355530079,1.06E-17,0.229696327,1,0.317568096,0.58465852,0.764629662,0.423070321,0.179314576,0.423455519,0.263114384,-0.030316808,0.016888169,0.257899036,0.001607143
BF8,BF8_5,5,210,0.360418865,-1.69E-17,-1.941476957,1,0.318233438,0.590935972,0.768723599,0.4348988,0.185400484,0.430581564,0.262664454,-0.036850689,0.008778277,0.199328638,0.001587711
BF8,BF8_6,5,252,0.338112926,1.76E-17,-0.028854911,1,0.349866719,0.561905501,0.749603562,0.437237864,0.193753212,0.44017407,0.269702893,-0.037844497,0.014271748,0.179150784,0.002466945
BF8,BF8_7,5,294,0.338128541,-9.06E-18,-1.984232445,1,0.334530404,0.561926171,0.74961735,0.427079482,0.199529973,0.44668778,0.254921856,-0.032303918,0.022481477,0.244557578,0.003052641
BF8,BF8_8,5,336,0.325246162,1.59E-17,-1.875980415,1,0.346186541,0.544707258,0.738042856,0.420315901,0.175661091,0.419119423,0.263142831,-0.027900367,0.005568531,0.181625723,0.000895872
BF8,BF8_9,5,378,0.345189797,-4.70E-18,0.198749036,1,0.344393122,0.571223598,0.755793357,0.451713222,0.205163143,0.452949383,0.28512176,-0.030297933,0.007821469,0.190143357,0.001334549
BF8,BF8_10,5,420,0.429560682,-4.23E-18,0.528640612,1,0.26925985,0.674598985,0.82133975,0.379581574,0.28585134,0.534650671,0.283857228,-0.02673101,0.00758149,0.197308554,0.000939063
BF9,BF9_1,10,132,0.415442876,0,0.066342253,1,0.321476079,0.658292969,0.811352555,0.479290916,0.15912701,0.39890727,0.292526874,-0.016294908,0.039136716,0.302267817,0.005364018
BF9,BF9_2,10,264,0.479242629,0,0.344324905,1,0.292920663,0.728811761,0.853704727,0.44092368,0.349670105,0.591329101,0.342719617,-0.042404343,0.025365277,0.399542312,0.002806006
BF9,BF9_3,10,396,0.458151667,-2.02E-17,0.266475825,1,0.271508773,0.706400384,0.840476284,0.437177573,0.30515739,0.552410527,0.34621001,-0.031855823,0.025886504,0.390372703,0.001739005
BF9,BF9_4,10,528,0.545719864,-5.89E-18,0.462643139,1,0.231647673,0.793629558,0.890858888,0.386244179,0.455389941,0.67482586,0.337641367,-0.020542414,0.019600251,0.362169241,0.000899117
BF9,BF9_5,10,660,0.713901991,0,0.112200886,1,0.105008697,0.918147929,0.95820036,0.24766128,0.634709511,0.796686583,0.328826848,-0.014080939,0.009321788,0.340821727,0.000283432
BF9,BF9_6,10,792,0.642824967,1.35E-17,0.133107056,1,0.126023558,0.872425996,0.93403747,0.320246255,0.506077109,0.711390968,0.36249109,-0.00888891,0.012922154,0.265676292,0.000305036
BF9,BF9_7,10,924,0.574377699,0,0.484891027,1,0.178624718,0.818845657,0.90490091,0.373759643,0.465580869,0.682334866,0.345294656,-0.020507877,0.010610788,0.296980117,0.000654707
BF9,BF9_8,10,1056,0.544922618,-6.73E-18,0.385016649,1,0.214070907,0.792904577,0.890451895,0.396660409,0.436263919,0.660502777,0.363110497,-0.024417969,0.010698934,0.314535796,0.000780025
BF9,BF9_9,10,1188,0.689583478,0,0.243058144,1,0.140573298,0.903641583,0.950600643,0.263774638,0.671438827,0.81941371,0.285506304,-0.02044706,0.003992132,0.339087412,0.000247165
BF9,BF9_10,10,1320,0.604504504,-1.48E-17,0.187991307,1,0.178259124,0.843583313,0.918467916,0.33347551,0.546726071,0.739409272,0.329265767,-0.021544612,0.009018614,0.305753488,0.000605756
BF10,BF10_1,10,132,0.077604728,-9.42E-17,0.294280842,1,-0.004132918,0.149186962,0.386247281,0.310916711,3.29E-30,1.82E-15,1.48E-15,0.008800065,0.077964743,0.330797078,0.018586222
BF10,BF10_2,10,264,0.076533286,5.72E-17,-37.72840181,1,-0.118771889,0.147209228,0.383678547,0.310596156,4.05E-30,2.01E-15,1.61E-15,0.015124514,0.047351068,0.260337028,0.007910324
BF10,BF10_3,10,396,0.066403271,-1.61E-16,-34.80692525,1,-0.15554842,0.128397147,0.358325477,0.290962821,8.82E-30,2.97E-15,2.39E-15,0.019101334,0.052133974,0.272698211,0.009861024
BF10,BF10_4,10,528,0.066735067,4.37E-17,-0.440807858,1,-0.119101504,0.129016564,0.359188759,0.293593177,3.07E-30,1.75E-15,1.33E-15,0.009193975,0.050357453,0.23949729,0.009591747
BF10,BF10_5,10,660,0.069915796,-3.81E-16,1.66952022,1,-0.135353006,0.134943374,0.367346395,0.296927029,3.37E-30,1.84E-15,1.45E-15,0.009196771,0.052109821,0.235732087,0.011713404
BF10,BF10_6,10,792,0.077227766,-1.55E-16,-0.805754635,1,-0.104130778,0.148491404,0.385345824,0.310086402,2.88E-30,1.70E-15,1.31E-15,0.017806456,0.050635089,0.245673169,0.009798725
BF10,BF10_7,10,924,0.074029338,1.10E-16,-1.193570712,1,-0.100816543,0.142578334,0.377595463,0.308266401,4.12E-30,2.03E-15,1.58E-15,0.014108809,0.049285,0.249263525,0.010210131
BF10,BF10_8,10,1056,0.064238683,-3.36E-18,-1.081707825,1,-0.095579131,0.124350758,0.352634028,0.283891527,5.53E-30,2.35E-15,1.87E-15,0.015729423,0.047049277,0.22729857,0.010342815
BF10,BF10_9,10,1188,0.073581221,1.26E-16,2.776977645,1,-0.090462444,0.141748246,0.376494683,0.300935619,4.37E-30,2.09E-15,1.63E-15,0.011927495,0.043322402,0.229910444,0.009030758
BF10,BF10_10,10,1320,0.073778895,-6.19E-17,-0.298715278,1,-0.088121546,0.142114465,0.376980723,0.307590834,3.94E-30,1.98E-15,1.61E-15,0.012602808,0.040677638,0.215725914,0.006966968
BF11,BF11_1,3,20,0.897891893,9.99E-17,1.464281265,1,0.46600409,0.989573934,0.994773308,0.778229632,0.230377097,0.479976142,0.358199251,-0.020078771,0.081539495,0.278462742,0.004520313
BF11,BF11_2,3,40,0.950867759,6.66E-17,-0.035879416,1,0.353641152,0.997586023,0.998792282,0.692656838,0.302075048,0.549613544,0.426505713,-0.003605174,0.065364057,0.437548058,0.00397477
BF11,BF11_3,3,60,0.899320868,-6.85E-17,0.128541726,1,0.404745001,0.989863712,0.994918948,0.652667173,0.41729067,0.645980395,0.436648222,0.022903098,0.059375195,0.253222578,0.000897844
BF11,BF11_4,3,80,0.971558173,3.33E-17,0.838217642,1,0.38796774,0.999191062,0.999595449,0.627625644,0.486676812,0.697622256,0.439161486,0.022784395,0.006978515,0.221598626,0.000691047
BF11,BF11_5,3,100,0.892247758,3.47E-17,-0.399813811,1,0.372335057,0.988389454,0.994177778,0.6818838,0.380259988,0.616652242,0.43899796,-0.026889096,0.013708167,0.223704513,0.001349379
BF11,BF11_6,3,120,0.913502579,-8.14E-17,0.6138222,1,0.39032634,0.992518196,0.996252075,0.689571153,0.371729824,0.609696501,0.45662894,0.005412669,0.023245398,0.219106135,0.000384743
BF11,BF11_7,3,140,0.971702993,3.17E-17,2.347221141,1,0.321989398,0.999199279,0.99959956,0.544941868,0.585143037,0.764946428,0.386019547,0.003777909,0.021363124,0.189972544,0.000434
BF11,BF11_8,3,160,0.968748309,-3.89E-17,0.502982966,1,0.346153201,0.999023332,0.999511547,0.562964511,0.583420137,0.76381944,0.44417162,0.004132727,0.010755327,0.196659192,0.000432462
BF11,BF11_9,3,180,0.983332404,4.93E-17,0.825369402,1,0.348833295,0.999722191,0.999861086,0.58628379,0.508361581,0.712994797,0.45453639,0.00210935,0.015462336,0.146070721,0.000803209
BF11,BF11_10,3,200,0.95181579,-1.78E-17,0.439405102,1,0.369262829,0.997678282,0.998838466,0.649736774,0.481036188,0.693567724,0.455186301,0.00703697,0.004913275,0.177920016,0.00015216
BF12,BF12_1,6,56,0.890284274,5.15E-17,-1.149129734,1,0.282053067,0.987962459,0.993963007,0.785494874,0.098966085,0.314588755,0.230820546,0.04667474,0.056981868,0.487473376,0.003918369
BF12,BF12_2,6,112,0.859044463,-4.76E-17,1.524609796,1,0.278857743,0.980131537,0.990015928,0.613406858,0.304117033,0.551468071,0.328766062,-0.00966881,0.030996794,0.367148823,0.001527749
BF12,BF12_3,6,168,0.816050823,-3.70E-17,1.079219604,1,0.362649829,0.9661627,0.982935756,0.660023669,0.276186409,0.525534403,0.312781294,-0.007993767,0.027780303,0.292881487,0.002032298
BF12,BF12_4,6,224,0.873289597,3.97E-17,1.346453848,1,0.261607532,0.983944474,0.991939753,0.639936466,0.334925868,0.578727801,0.35148228,0.017630733,0.030600995,0.367664848,0.001854409
BF12,BF12_5,6,280,0.927580839,0,0.168821892,1,0.286729281,0.994755465,0.997374285,0.641549401,0.356735634,0.5972735,0.374675464,0.01244002,0.015199636,0.311043059,0.000539161
BF12,BF12_6,6,336,0.950028027,-9.25E-17,0.686898281,1,0.238141312,0.997502802,0.998750621,0.662696966,0.302927305,0.550388322,0.333552666,0.00865205,0.024329722,0.348940809,0.00172253
BF12,BF12_7,6,392,0.895207598,-9.97E-17,0.987464353,1,0.328397286,0.989018552,0.994494119,0.580831061,0.443117999,0.66567109,0.360880395,0.013705256,0.011167293,0.274454299,0.000938096
BF12,BF12_8,6,448,0.950233802,-2.04E-16,1.890498877,1,0.293261618,0.997523326,0.998760895,0.70542673,0.269086029,0.518735028,0.342758354,0.01205562,0.024588319,0.315168439,0.000866714
BF12,BF12_9,6,504,0.924252259,-4.05E-17,-1.531215174,1,0.321130466,0.99426228,0.997127013,0.630696891,0.366499849,0.60539231,0.356282914,0.017882173,0.011802646,0.30221049,0.000754278
BF12,BF12_10,6,560,0.925469564,7.45E-17,0.331883818,1,0.286891934,0.994445214,0.997218739,0.631654318,0.381455236,0.617620625,0.340759799,0.00057238,0.012047688,0.305248358,0.000149285
BF13,BF13_1,9,110,0.806822215,7.07E-18,0.5360769,1,0.273621437,0.962682344,0.98116377,0.720675885,0.11307146,0.336260999,0.245042963,-0.012132285,0.056006755,0.529544851,0.002007956
BF13,BF13_2,9,220,0.846379814,8.28E-17,0.259570948,1,0.216449112,0.976400839,0.98812997,0.696081534,0.182754949,0.427498478,0.286391929,0.0161734,0.029159952,0.483980488,0.001130418
BF13,BF13_3,9,330,0.928143071,-1.35E-17,-0.807830899,1,0.258952141,0.994836582,0.99741495,0.689603444,0.234646662,0.484403408,0.311333055,-0.003659334,0.029124859,0.424399624,0.001637408
BF13,BF13_4,9,440,0.876751787,-2.89E-16,0.468040731,1,0.221429592,0.984809878,0.992375875,0.729612635,0.179576563,0.423764749,0.284572177,-0.008888944,0.018670541,0.381750799,0.000670163
BF13,BF13_5,9,550,0.931294839,-2.13E-16,0.488609821,1,0.279671067,0.995279601,0.997637009,0.66882006,0.27135487,0.520917335,0.301240473,0.004038326,0.016109131,0.439830831,0.000415968
BF13,BF13_6,9,660,0.941379491,2.69E-18,-2.929176303,1,0.227654202,0.996563636,0.998280339,0.707429354,0.222138699,0.471315923,0.298396722,-0.002072628,0.018532583,0.438378078,0.000429131
BF13,BF13_7,9,770,0.918098431,4.27E-17,0.813669307,1,0.246375054,0.993292133,0.996640423,0.67158348,0.275510565,0.524891003,0.30556457,-0.01259962,0.011358918,0.388396782,0.000403278
BF13,BF13_8,9,880,0.91603452,-7.47E-17,-13.39334806,1,0.288040647,0.992949798,0.996468664,0.71505634,0.228088631,0.477586255,0.295814277,0.010835752,0.016171223,0.358864111,0.00061675
BF13,BF13_9,9,990,0.939425528,-2.22E-16,0.779034102,1,0.280972437,0.996330733,0.998163681,0.690305182,0.237145642,0.486976017,0.303216875,0.009243207,0.017320799,0.418738732,0.000666986
BF13,BF13_10,9,1100,0.935801849,8.40E-17,0.467471515,1,0.240145598,0.995878597,0.997937171,0.70906526,0.216699183,0.465509595,0.295320481,0.001784472,0.017539113,0.420192937,0.000382737
BF14,BF14_1,2,12,0.783694736,3.70E-17,-2.629351129,1,0.470989567,0.953212033,0.976325782,0.7095372,0.475902573,0.689856922,0.525524351,-0.009961036,0.021619475,0.414383153,0.000519694
BF14,BF14_2,2,24,0.731826184,-6.48E-17,-0.240119174,1,0.430028018,0.928082804,0.963370544,0.701981547,0.805477449,0.897483955,0.62423537,-0.043045578,0.035783459,0.577115929,0.002668995
BF14,BF14_3,2,36,0.983386006,4.32E-17,0.491474851,1,0.495835533,0.999723975,0.999861978,0.741429904,0.547947552,0.740234796,0.529277313,-0.032809304,0.074286032,0.38386915,0.006349229
BF14,BF14_4,2,48,0.853070724,-9.25E-18,-1.07115919,1,0.433076023,0.978411788,0.989147,0.674088013,0.657639789,0.81094993,0.578679403,0.048328111,0.009899326,0.41358816,0.001156744
BF14,BF14_5,2,60,0.88094314,1.10E-16,0.504449379,1,0.49435334,0.985825464,0.992887438,0.719972876,0.769914099,0.877447491,0.619419138,-0.025098407,0.009821411,0.338626652,0.000727946
BF14,BF14_6,2,72,0.885293415,2.47E-17,-10.48763002,1,0.473000886,0.986842399,0.993399416,0.71175244,0.759205898,0.871324221,0.634511333,-0.015392216,0.003233509,0.442253327,0.000112539
BF14,BF14_7,2,84,0.958959431,3.04E-17,0.184134277,1,0.487243538,0.998315672,0.999157481,0.753794206,0.68760799,0.829221316,0.60203516,-0.052739951,0.043791821,0.347035319,0.006655168
BF14,BF14_8,2,96,0.881769666,7.40E-17,0.658212548,1,0.517894788,0.986021588,0.992986197,0.763935825,0.799135885,0.893944006,0.637764307,0.004951993,0.010998752,0.347575011,0.000156702
BF14,BF14_9,2,108,0.962918568,2.98E-17,1.041414658,1,0.463486681,0.998624967,0.999312247,0.732753041,0.686381668,0.828481543,0.60586129,-0.026167448,0.033719278,0.379840667,0.002322941
BF14,BF14_10,2,120,0.839181389,-5.55E-17,0.231295955,1,0.449938779,0.974137374,0.986983979,0.700874611,0.763429593,0.873744581,0.62244305,0.001162915,0.023064883,0.38654784,6.94E-05
BF15,BF15_1,2,12,0.259891346,-3.70E-17,0.548827923,1,0.193834542,0.452239181,0.672487309,0.578275422,0.3859611,0.621257676,0.474705693,-0.057434814,0.252880192,0.375356002,0.038694271
BF15,BF15_2,2,24,0.865898751,0,-0.647665586,1,0.155702439,0.982016855,0.990967636,0.689056611,0.946730008,0.973000518,0.692781912,-0.098512097,0.143730533,0.6275968,0.022560976
BF15,BF15_3,2,36,0.798074555,1.23E-17,-1.727885885,1,0.022013069,0.959226114,0.979400896,0.750141396,0.918447358,0.958356593,0.730594471,-0.123027526,0.113021464,0.624856997,0.022252693
BF15,BF15_4,2,48,0.669449439,-2.78E-17,-77.30838792,1,0.089327909,0.890736327,0.943788285,0.752203789,0.739714053,0.860066307,0.653712122,-0.089316259,0.098586921,0.347434082,0.025344131
BF15,BF15_5,2,60,0.695960051,2.78E-17,0.963742111,1,-0.04370679,0.907559709,0.952659283,0.760810255,0.801015984,0.894994963,0.722299268,-0.0444954,0.034133121,0.400609487,0.003791141
BF15,BF15_6,2,72,0.956103563,-2.16E-17,-0.329951875,1,0.11852414,0.998073103,0.999036087,0.824069979,0.9794985,0.989696165,0.812936853,-0.01941952,0.033147534,0.545578291,0.001179866
BF15,BF15_7,2,84,0.914758723,-2.64E-18,2.454481016,1,-0.015384826,0.992733925,0.996360339,0.837848534,0.947581365,0.97343791,0.812557224,-0.040671674,0.013431529,0.456750981,0.001196019
BF15,BF15_8,2,96,0.734155216,2.31E-17,0.376902615,1,0.078396869,0.929326551,0.964015846,0.784578291,0.763062745,0.873534627,0.680224398,0.044938439,0.032485721,0.404210016,0.003611631
BF15,BF15_9,2,108,0.897403869,-3.50E-17,-2.09619212,1,-0.139650065,0.989474034,0.994723094,0.836387195,0.986568086,0.993261338,0.834351213,-0.003780022,0.000709443,0.448933816,5.97E-06
BF15,BF15_10,2,120,0.902762278,-4.63E-18,0.303107974,1,-0.038931972,0.990544825,0.995261184,0.783894803,0.900763769,0.949085754,0.753519102,0.002643534,0.006211578,0.355830317,4.61E-05
BF16,BF16_1,2,12,0.638683422,7.40E-17,-0.839939582,1,-0.456586146,0.869450331,0.932443205,0.717085803,0.536617896,0.732542078,0.486353582,-0.059499157,0.002475532,0.494432192,0.000297901
BF16,BF16_2,2,24,0.915185934,0,0.064444792,1,-0.245598337,0.992806574,0.996396796,0.585788829,0.81060054,0.900333572,0.611601662,0.102866676,0.034768461,0.377674562,0.009469836
BF16,BF16_3,2,36,0.945219497,6.48E-17,-0.541370872,1,-0.374829462,0.996999096,0.998498421,0.570339291,0.80156959,0.895304189,0.560012746,0.108294563,0.016665836,0.405708062,0.004448567
BF16,BF16_4,2,48,0.72239501,0,-0.370585976,1,-0.330330412,0.92293547,0.960695305,0.543169701,0.80336833,0.896308167,0.546862842,0.073023933,0.044402778,0.474164532,0.006838271
BF16,BF16_5,2,60,0.820398124,0,2.010714954,1,-0.333363012,0.967743166,0.983739379,0.593266752,0.807745008,0.898746354,0.574586093,0.008790075,0.006929375,0.407038008,0.000149641
BF16,BF16_6,2,72,0.886935456,0,-0.303082966,1,-0.337438484,0.987216409,0.993587645,0.563388131,0.875250033,0.935547985,0.579998723,-0.00326479,0.021767677,0.416184846,0.000170758
BF16,BF16_7,2,84,0.947734458,2.18E-17,-0.366559965,1,-0.337717643,0.997268313,0.998633222,0.578238952,0.861610651,0.928229848,0.583477898,-0.014415554,0.001317618,0.456632679,4.16E-05
BF16,BF16_8,2,96,0.905982486,1.39E-17,-0.11466661,1,-0.365715527,0.991160707,0.995570544,0.605805664,0.854572425,0.924430866,0.605857162,-0.001886154,0.036800774,0.399280765,0.000173842
BF16,BF16_9,2,108,0.893680771,2.31E-17,-0.506552199,1,-0.349638044,0.988696222,0.994332048,0.576359563,0.885935311,0.941241367,0.5940869,0.022904305,0.018790085,0.347725598,0.001237682
BF16,BF16_10,2,120,0.94875861,-7.40E-18,0.096950347,1,-0.304378429,0.99737432,0.998686297,0.5582519,0.868914131,0.932155637,0.564252424,0.018683079,0.006797739,0.431798155,0.000294125
BF17,BF17_1,4,30,0.632963575,1.86E-16,-16.2407238,1,-0.33461739,0.865284263,0.93020657,0.774607837,1.84E-05,0.004292673,0.003278433,-0.020100793,0.082685501,0.446075379,0.004726444
BF17,BF17_2,4,60,0.853527799,3.59E-16,-4.982814843,1,0.064565682,0.978545894,0.989214787,0.797215018,2.63E-05,0.005129823,0.003634935,0.022223034,0.031136987,0.322202787,0.002142275
BF17,BF17_3,4,90,0.843760629,2.41E-17,-0.084407306,1,-0.004990289,0.975589259,0.987719221,0.805912598,1.82E-05,0.004265826,0.00317298,-0.012261371,0.025816015,0.320700492,0.000754416
BF17,BF17_4,4,120,0.863943892,1.11E-16,-0.73399865,1,-0.069248969,0.981488735,0.990701133,0.828131172,2.13E-05,0.00461783,0.003357814,0.001422092,0.024815718,0.263849324,0.00140823
BF17,BF17_5,4,150,0.862863514,3.77E-16,-3.193557278,1,0.049484171,0.981193584,0.990552161,0.793348715,2.00E-05,0.004470129,0.00306293,-0.028783734,0.008267059,0.301439494,0.000723334
BF17,BF17_6,4,180,0.847752294,1.28E-16,-1.034107322,1,-0.086067631,0.976820636,0.988342368,0.808925819,2.17E-05,0.004656438,0.003259764,-0.022524382,0.003467868,0.267954387,0.000287409
BF17,BF17_7,4,210,0.923512104,-8.46E-18,9.304472832,1,-0.148881016,0.994149602,0.99707051,0.819599203,1.70E-05,0.004125235,0.002807416,0.000439438,0.012283729,0.256453001,0.000263997
BF17,BF17_8,4,240,0.896306558,-1.18E-16,-8.521451632,1,-0.144608285,0.98924767,0.994609305,0.811785551,1.97E-05,0.004439342,0.003066456,0.00679182,0.022789336,0.222101477,0.001199825
BF17,BF17_9,4,270,0.870957116,-2.76E-16,0.574829687,1,-0.056292943,0.983347934,0.991639014,0.816048398,1.89E-05,0.004342656,0.002967922,0.010826473,0.008694003,0.233383162,0.00043895
BF17,BF17_10,4,300,0.909374189,1.78E-16,-0.450108123,1,-0.015035315,0.991786962,0.995885015,0.810680968,1.77E-05,0.004205426,0.002952771,-0.013052726,0.013348526,0.237100541,0.001068147
BF18,BF18_1,7,72,0.613527122,2.47E-17,-0.147331358,1,-0.005093795,0.850638715,0.922300772,0.702513053,7.42E-07,0.000861297,0.00061977,-0.012886165,0.038801116,0.420061501,0.003083365
BF18,BF18_2,7,144,0.796225263,-5.55E-17,0.484559646,1,0.019702618,0.958475856,0.979017802,0.788236987,1.46E-06,0.001209368,0.000773943,-0.011224604,0.031833461,0.376903132,0.001067005
BF18,BF18_3,7,216,0.76908776,-2.49E-16,-0.519394328,1,-0.134641749,0.946679538,0.972974582,0.788454272,1.18E-06,0.001085905,0.000669626,-0.003122553,0.024987236,0.346637748,0.000555053
BF18,BF18_4,7,288,0.807194957,9.56E-17,0.196006209,1,0.010916539,0.962826216,0.981237084,0.796423778,1.77E-06,0.001329575,0.000765535,-0.007016803,0.030286417,0.371256842,0.001304724
BF18,BF18_5,7,360,0.87587439,1.54E-16,-4.163763322,1,-0.004480778,0.984592833,0.992266513,0.797057109,1.41E-06,0.001187024,0.000666322,0.002123875,0.023624414,0.360734037,0.00056785
BF18,BF18_6,7,432,0.919197825,5.78E-16,0.557094075,1,-0.059581938,0.993471008,0.996730158,0.792070357,1.83E-06,0.001353737,0.000793989,-0.004466867,0.020072531,0.330779492,0.000511975
BF18,BF18_7,7,504,0.876894318,3.52E-17,0.08336027,1,-0.013271204,0.984844991,0.992393567,0.81357221,1.76E-06,0.00132645,0.000740046,-7.10E-06,0.010845117,0.324115722,0.00012029
BF18,BF18_8,7,576,0.908069402,-4.78E-16,0.498091284,1,-0.050942842,0.991548765,0.995765417,0.809336809,1.44E-06,0.001202026,0.000647904,-0.0045981,0.011109271,0.343869591,0.000200426
BF18,BF18_9,7,648,0.917510282,-2.44E-16,-16.55896053,1,-0.046375975,0.993195446,0.996591916,0.803951706,1.40E-06,0.00118287,0.000679385,-0.010857965,0.019131691,0.326740214,0.001318002
BF18,BF18_10,7,720,0.900197178,2.47E-17,-0.265478447,1,-0.047469304,0.990039397,0.995007235,0.79096707,1.66E-06,0.001289359,0.000676725,-0.008436621,0.015424226,0.311800646,0.000433935
BF19,BF19_1,10,132,0.839664189,8.07E-17,0.059488278,1,-0.083645017,0.974292428,0.987062525,0.821123842,2.01E-07,0.000448777,0.000259978,-0.002321042,0.042928589,0.480737816,0.002405189
BF19,BF19_2,10,264,0.843249526,-4.21E-16,-12.54740821,1,0.001453847,0.975429289,0.987638238,0.786860982,1.80E-07,0.000424147,0.000243496,-0.012512004,0.019371035,0.461789398,0.000555056
BF19,BF19_3,10,396,0.824580321,2.42E-16,-0.478074469,1,-0.077837239,0.969227936,0.984493746,0.78879464,5.65E-08,0.000237734,0.000144881,0.006098389,0.021216762,0.436858177,0.000463165
BF19,BF19_4,10,528,0.881964999,3.36E-17,-0.536418021,1,-0.08780273,0.986067739,0.993009435,0.798554309,1.59E-07,0.000398301,0.000193873,0.006789661,0.026510888,0.442616729,0.001247761
BF19,BF19_5,10,660,0.918819743,-1.47E-16,-0.021112187,1,-0.029299642,0.993409766,0.996699436,0.792829368,1.52E-07,0.00039018,0.000189974,0.001516948,0.01756959,0.40604597,0.000281758
BF19,BF19_6,10,792,0.897390008,-1.86E-16,9.026508951,1,-0.015033991,0.989471189,0.994721664,0.814070481,1.15E-07,0.000339312,0.00016023,0.007943573,0.018087606,0.387665791,0.001021277
BF19,BF19_7,10,924,0.923031009,2.46E-16,2.251244958,1,-0.019583391,0.994075774,0.997033487,0.807465539,1.13E-07,0.000335965,0.00016133,-0.000530277,0.018954038,0.392948063,0.000598756
BF19,BF19_8,10,1056,0.940509237,-4.88E-16,-0.553500803,1,-0.021571034,0.996460849,0.998228856,0.80691907,1.25E-07,0.000353612,0.000163276,0.00265951,0.006798332,0.39551308,4.76E-05
BF19,BF19_9,10,1188,0.922643823,-3.13E-16,-196.1375082,1,-0.030492693,0.994016022,0.997003522,0.792906045,1.42E-07,0.000377489,0.000165598,-0.002427786,0.007855659,0.396963392,0.000125437
BF19,BF19_10,10,1320,0.943385667,-3.79E-16,0.230689657,1,-0.03934691,0.996794817,0.998396122,0.810369674,1.09E-07,0.000330563,0.000149682,-0.00347169,0.0129264,0.37633079,0.000225332
BF20,BF20_1,2,12,0.413425534,-1.04E-15,-0.000755565,1,-0.286490701,0.655930396,0.809895299,0.706412386,0.454892315,0.674457052,0.531102472,0.094514536,0.05788171,0.432009216,0.012663301
BF20,BF20_2,2,24,0.844014718,7.40E-16,-5.29757667,1,-0.153302114,0.975668592,0.987759379,0.746862763,0.610409258,0.781286924,0.546595024,0.153308513,0.012182254,0.382245179,0.004885983
BF20,BF20_3,2,36,0.877100458,2.47E-17,0.831000375,1,-0.051817281,0.984895702,0.992419116,0.770668852,0.572224907,0.756455489,0.602226909,-0.065018779,0.090296811,0.47576392,0.01234013
BF20,BF20_4,2,48,0.870185744,-3.52E-16,-0.796997924,1,-0.087040355,0.983148259,0.99153833,0.783089492,0.513041986,0.716269492,0.598114814,-0.006251897,0.020728106,0.42741589,0.000303194
BF20,BF20_5,2,60,0.911575576,-7.22E-17,-1.427324942,1,0.083873052,0.992181121,0.996082889,0.746232655,0.629347273,0.793314107,0.641562243,0.033894326,0.086304186,0.417682684,0.007003456
BF20,BF20_6,2,72,0.752968512,7.59E-16,-0.328528403,1,-0.137071308,0.938975444,0.969007453,0.766409827,0.430891344,0.656423144,0.524348894,-0.059824907,0.00883852,0.380998267,0.001387837
BF20,BF20_7,2,84,0.872028822,1.09E-15,-2.092475482,1,-0.105048864,0.983623378,0.991777887,0.817147393,0.471326335,0.686532108,0.59044288,-0.015586685,0.037439112,0.350797383,0.001663501
BF20,BF20_8,2,96,0.994789331,-2.78E-17,-19.84700231,1,-0.096363076,0.999972849,0.999986424,0.800652046,0.651012216,0.806853281,0.632504168,0.002313553,0.034496734,0.421672885,0.00018927
BF20,BF20_9,2,108,0.818728177,-8.78E-16,-0.626459114,1,-0.072748915,0.967140526,0.983433031,0.783206408,0.522289048,0.722695681,0.591784001,-0.03773713,0.032591124,0.370020132,0.003323861
BF20,BF20_10,2,120,0.943319573,-1.21E-15,-4.128473718,1,-0.045888683,0.996787329,0.998392372,0.826316932,0.53091512,0.728639225,0.595059819,0.034520615,0.017637456,0.34911872,0.001743979
BF21,BF21_1,2,12,0.569679007,-2.41E-16,-0.547706255,1,-0.144167674,0.814823843,0.902675935,0.739364979,0.03385255,0.183990625,0.133184664,-0.062302491,0.05115475,0.291182147,0.010945274
BF21,BF21_2,2,24,0.515960835,1.85E-17,0.069122393,1,0.039622594,0.765706087,0.875046334,0.712511764,0.066060503,0.257022378,0.204262623,-0.011164723,0.00493423,0.239905481,0.000229629
BF21,BF21_3,2,36,0.673745356,4.93E-17,-0.641985312,1,-0.102623979,0.893557907,0.945281919,0.845564733,0.100739534,0.317394919,0.238141578,-0.046748642,0.005540011,0.233003651,0.001111519
BF21,BF21_4,2,48,0.742460565,1.39E-16,0.394440123,1,-0.073967465,0.93367344,0.966267789,0.762855535,0.071949112,0.268233317,0.209290949,-0.008107594,0.02097688,0.252018519,0.000674839
BF21,BF21_5,2,60,0.691392842,1.57E-16,-7.746726407,1,0.044157629,0.904761622,0.951189583,0.800464162,0.112467131,0.335361195,0.26235046,-0.022154341,0.032464788,0.23506499,0.003059732
BF21,BF21_6,2,72,0.665772292,-1.85E-17,3.316270792,1,-0.23016149,0.888291839,0.942492355,0.766629355,0.111901555,0.334516899,0.2440883,-0.042700694,0.003721541,0.239664921,0.000663061
BF21,BF21_7,2,84,0.649901483,1.98E-16,-0.75081327,1,-0.174747314,0.877431028,0.936712885,0.79120226,0.076879663,0.277271821,0.211140773,-0.023378793,0.00325829,0.182284789,0.000417889
BF21,BF21_8,2,96,0.640072397,-4.63E-18,-4.100061695,1,-0.097154523,0.870452121,0.932980236,0.798119261,0.0974162,0.312115684,0.228788506,-0.04841148,0.01153061,0.17449756,0.003198978
BF21,BF21_9,2,108,0.573576681,-1.64E-16,0.593321161,1,-0.213124468,0.818163153,0.904523716,0.768660171,0.108222468,0.328971835,0.245812225,0.011703642,0.022637533,0.189718861,0.001396496
BF21,BF21_10,2,120,0.673385069,2.96E-17,-0.162029318,1,-0.090619651,0.893322687,0.945157493,0.779256283,0.134553078,0.366814774,0.281437162,-0.017911334,0.013128128,0.199685846,0.001177561
BF22,BF22_1,4,30,0.746903097,3.42E-17,-1.428352094,1,0.1004731,0.935941958,0.967440932,0.774275477,0.359509376,0.599591008,0.431162785,-0.008834011,0.066612003,0.658219029,0.004691085
BF22,BF22_2,4,60,0.93749119,1.07E-15,-27.00271487,1,-0.106434964,0.996092649,0.998044412,0.809617131,0.313637561,0.560033535,0.450911636,-0.050884454,0.052125329,0.387828276,0.007944656
BF22,BF22_3,4,90,0.852010677,8.64E-18,0.122478558,1,-0.034252276,0.97809916,0.988988959,0.77941193,0.360684289,0.60056997,0.484941457,0.025075232,0.061698875,0.453375108,0.007301492
BF22,BF22_4,4,120,0.797409368,2.66E-16,0.444005186,1,0.04236989,0.958957036,0.979263517,0.789423363,0.419383426,0.647598198,0.52303147,0.037945625,0.027551542,0.43175101,0.003114751
BF22,BF22_5,4,150,0.863121845,-4.62E-16,-4.77505057,1,-0.070748543,0.981264371,0.990587891,0.793845853,0.456564782,0.675695776,0.545351391,-0.001622718,0.032223215,0.388318791,0.000517529
BF22,BF22_6,4,180,0.944662436,1.28E-16,6.482704224,1,-0.052042401,0.996937754,0.998467703,0.827359636,0.507604633,0.712463777,0.582336747,0.028916237,0.026670225,0.401916064,0.002217907
BF22,BF22_7,4,210,0.898286175,3.05E-16,-0.505150663,1,-0.012021604,0.989654298,0.9948137,0.804628157,0.477516553,0.691025725,0.55941684,-0.015341473,0.015605962,0.370588924,0.000378581
BF22,BF22_8,4,240,0.871688027,-2.66E-16,-4.020668102,1,0.041015945,0.983536038,0.991733854,0.803568232,0.4031222,0.63491905,0.504246288,-0.009124349,0.019131936,0.35753875,0.000457241
BF22,BF22_9,4,270,0.82743983,1.30E-16,-6.165832311,1,0.01215002,0.970222988,0.984998979,0.80660381,0.521266207,0.721987678,0.595438867,0.003918059,0.010188616,0.387613921,9.76E-05
BF22,BF22_10,4,300,0.868734608,-1.48E-16,-0.832066203,1,0.102716716,0.982769397,0.991347263,0.800519376,0.484664415,0.696178436,0.569010409,-0.010340358,0.019644413,0.410907267,0.000809253
BF23,BF23_1,7,72,0.76264156,-3.02E-16,-0.685092025,1,-0.036204655,0.943660971,0.971422138,0.774424433,0.433786036,0.658624351,0.545103523,-0.033499332,0.053289864,0.541335616,0.003013672
BF23,BF23_2,7,144,0.766700769,2.90E-16,1.130125942,1,-0.079603288,0.945571469,0.972404992,0.78472346,0.359804629,0.599837169,0.48850053,-0.003290526,0.048122456,0.491672101,0.001816216
BF23,BF23_3,7,216,0.839605566,4.19E-16,-1.232069674,1,-0.015132324,0.974273625,0.987053,0.774241049,0.399881107,0.632361532,0.523279266,-0.031625153,0.037080692,0.41675593,0.003681733
BF23,BF23_4,7,288,0.863078358,-9.87E-17,-7.656675451,1,-0.036153673,0.981252464,0.990581881,0.802263062,0.37714387,0.614120403,0.485472711,0.007944992,0.01986449,0.415223388,0.00049091
BF23,BF23_5,7,360,0.879053174,-6.41E-16,-3.526244443,1,-0.024161307,0.985371865,0.992658987,0.816953211,0.409794955,0.64015229,0.519367424,-0.00966857,0.020606012,0.443722696,0.000509593
BF23,BF23_6,7,432,0.934112064,-5.04E-16,-0.984764475,1,-0.021415298,0.99565878,0.997827029,0.81554379,0.441483147,0.664441981,0.539212697,0.021842857,0.025673032,0.447398037,0.001790486
BF23,BF23_7,7,504,0.931468587,-3.31E-16,0.778737493,1,-0.092794643,0.995303445,0.997648959,0.800108518,0.467032314,0.683397625,0.554122341,-0.01111186,0.010259043,0.434973525,0.000435706
BF23,BF23_8,7,576,0.939587889,4.44E-16,-1.480295715,1,-0.027721044,0.996350377,0.99817352,0.806670267,0.514922827,0.717581234,0.57558052,3.53E-05,0.014045331,0.414953834,0.000287239
BF23,BF23_9,7,648,0.906042185,-5.87E-16,-3.588881715,1,0.031423223,0.991171929,0.995576179,0.792459348,0.498573013,0.706097028,0.564674434,0.00511545,0.018758797,0.433022701,0.000654505
BF23,BF23_10,7,720,0.885994656,-1.90E-16,-0.488167977,1,-0.015437317,0.987002782,0.993480136,0.804151517,0.450063436,0.670867674,0.547685441,0.001968897,0.01348871,0.411040548,0.000338721
BF24,BF24_1,10,132,0.789511207,-8.07E-17,0.262473481,1,0.004210266,0.955694468,0.97759627,0.792977028,0.321138697,0.566691007,0.449918669,0.007090144,0.033909031,0.523449393,0.00209989
BF24,BF24_2,10,264,0.863862873,4.58E-16,0.300804924,1,-0.041125199,0.981466683,0.990690003,0.797817133,0.361954312,0.601626389,0.488443805,0.011419562,0.028416863,0.472043058,0.001185373
BF24,BF24_3,10,396,0.868308582,9.87E-17,1.112316193,1,0.035804858,0.982657371,0.99129076,0.789344451,0.429382362,0.655272739,0.514873454,-0.017414692,0.022308243,0.48445701,0.000791099
BF24,BF24_4,10,528,0.890995456,-4.04E-17,-0.431015619,1,0.018608633,0.988118009,0.994041251,0.793954714,0.356114792,0.596753544,0.474632368,0.000575582,0.021652392,0.46105417,0.00065397
BF24,BF24_5,10,660,0.874736663,1.26E-16,1.294953641,1,0.0076719,0.984309096,0.992123529,0.780236419,0.4393382,0.66282592,0.52803999,0.001152132,0.01720394,0.466884541,0.000219678
BF24,BF24_6,10,792,0.865120944,-1.55E-16,-0.797947076,1,-0.050112987,0.98180764,0.990862069,0.814253618,0.436365818,0.66057991,0.539562664,0.008288293,0.016131586,0.450191627,0.000302273
BF24,BF24_7,10,924,0.900206616,-2.23E-16,-1.783704883,1,-0.033812374,0.99004128,0.995008181,0.792748637,0.439290567,0.662789987,0.537894982,-0.00303188,0.019362078,0.460355645,0.000433532
BF24,BF24_8,10,1056,0.880522858,2.42E-16,-0.840407744,1,0.00614732,0.985725213,0.992836952,0.799402048,0.422581372,0.650062591,0.519929561,-0.00562889,0.015308714,0.450291141,0.000448918
BF24,BF24_9,10,1188,0.927951481,-6.12E-16,0.180511761,1,-0.013839994,0.994809011,0.997401128,0.803786324,0.483292833,0.695192659,0.555878266,0.001695617,0.015487067,0.468475286,0.000327846
BF24,BF24_10,10,1320,0.919031695,-5.02E-16,0.039035269,1,-0.023203987,0.993444134,0.996716677,0.794316774,0.486492502,0.697490144,0.568176238,0.001786374,0.01414078,0.458421557,0.000255866
BF25,BF25_1,2,12,0.843399334,2.15E-15,0.503502162,1,0.382998114,0.975476232,0.987662003,0.720688864,0.235809381,0.485602081,0.407152827,0.009523612,0.06124998,0.328655025,0.001774873
BF25,BF25_2,2,24,0.881755755,3.61E-16,-0.232479347,1,-0.031925157,0.986018299,0.992984541,0.509751085,0.975597192,0.987723236,0.502978151,-0.059715143,0.06202637,0.372393693,0.009946231
BF25,BF25_3,2,36,0.914041666,-4.62E-16,-0.809637182,1,-0.1504536,0.992611165,0.996298733,0.540810789,0.935346893,0.967133338,0.517004212,0.084972561,0.044359751,0.574987426,0.006555555
BF25,BF25_4,2,48,0.938293828,1.11E-16,-0.002435837,1,-0.23211493,0.996192348,0.998094358,0.525233406,0.879415028,0.937771309,0.499365983,-0.019849914,0.034554782,0.368667786,0.001860508
BF25,BF25_5,2,60,0.94593769,-6.17E-16,0.176542545,1,0.186815617,0.997077267,0.998537564,0.502921434,0.915117343,0.956617657,0.501953145,-0.065854635,0.019091972,0.29107313,0.004319515
BF25,BF25_6,2,72,0.953724007,1.76E-16,-0.032110883,1,-0.016310547,0.997858532,0.998928692,0.408847026,0.996491933,0.998244425,0.414461422,-0.002247037,0.107884191,0.482974123,0.000501931
BF25,BF25_7,2,84,0.957302273,-1.45E-15,1.24519552,1,0.065192555,0.998176904,0.999088036,0.432006206,0.982577647,0.991250547,0.434021975,0.049571398,0.028057326,0.437327452,0.003180319
BF25,BF25_8,2,96,0.923420725,-1.90E-16,3.483175299,1,0.156787981,0.994135615,0.997063496,0.52989464,0.941698619,0.970411572,0.512254284,-0.007697522,0.052620375,0.512663046,0.000790083
BF25,BF25_9,2,108,0.981820698,1.96E-16,0.11339213,1,0.078196969,0.999669513,0.999834743,0.429086794,0.984661261,0.992300993,0.426430365,-0.009673588,0.005935524,0.342248996,0.000167766
BF25,BF25_10,2,120,0.961541164,-9.58E-16,-0.086414317,1,-0.043379483,0.998520918,0.999260185,0.387908422,0.995198548,0.997596385,0.392447927,0.047340045,0.022391505,0.695098495,0.001524985
BF26,BF26_1,2,12,0.925410206,1.85E-16,11.78567544,1,-0.625357254,0.994436363,0.997214301,0.758306231,0.401847848,0.633914701,0.418325746,-0.02811497,0.056451351,0.515257814,0.00308026
BF26,BF26_2,2,24,0.899629482,3.33E-16,-1.021813211,1,-0.398054282,0.989925759,0.994950129,0.610091672,0.613124812,0.783022868,0.52726873,9.27E-05,0.006120707,0.185746664,3.05E-06
BF26,BF26_3,2,36,0.921956973,-1.02E-15,-0.252066607,1,-0.379170003,0.993909286,0.996949992,0.591232296,0.625175507,0.790680408,0.505662021,0.036755095,0.05346598,0.292300519,0.006723037
BF26,BF26_4,2,48,0.954820776,1.48E-16,-0.517223595,1,-0.401227777,0.997958838,0.998978898,0.676098609,0.54167183,0.73598358,0.550976891,0.007530932,0.022093953,0.34130056,0.000487512
BF26,BF26_5,2,60,0.962563484,-5.92E-17,-0.182108984,1,-0.315730565,0.998598507,0.999299008,0.48939675,0.776011581,0.880915195,0.469961001,-0.001099119,0.038678844,0.296270363,0.000143493
BF26,BF26_6,2,72,0.988636345,4.83E-16,-0.278326732,1,-0.351927616,0.999870867,0.999935432,0.534615945,0.749586482,0.865786626,0.498599749,0.026903629,0.053131132,0.379078631,0.003770775
BF26,BF26_7,2,84,0.9753573,-2.65E-15,-0.370550409,1,-0.354281901,0.999392737,0.999696323,0.57183618,0.712176756,0.843905656,0.500760585,-0.014378906,0.045538463,0.375878267,0.001742035
BF26,BF26_8,2,96,0.987967699,-1.27E-15,-0.365818076,1,-0.269841327,0.999855224,0.999927609,0.432071632,0.827838647,0.909856388,0.392583247,0.026398061,0.005247275,0.484293379,0.000286021
BF26,BF26_9,2,108,0.964571103,-5.76E-16,-7.17033721,1,-0.323860336,0.998744793,0.9993722,0.506927432,0.761698033,0.872753134,0.467130883,-0.011437416,0.037726987,0.313931869,0.0013745
BF26,BF26_10,2,120,0.981821246,2.56E-15,-0.290994794,1,-0.259769653,0.999669533,0.999834753,0.421631903,0.82417774,0.907842354,0.404723658,-0.022216685,0.020276378,0.367559241,0.001225582
BF27,BF27_1,4,30,0.484234239,-4.81E-17,-0.398496863,1,0.319548057,0.73398568,0.856729642,0.634879975,0.368793357,0.607283589,0.471515212,0.097976199,0.086774845,0.448923553,0.015607225
BF27,BF27_2,4,60,0.664171861,6.34E-16,1.560588443,1,0.041685757,0.887219461,0.941923278,0.72877767,0.547068187,0.73964058,0.584584389,-0.017692608,0.037380078,0.454737511,0.000773832
BF27,BF27_3,4,90,0.666185266,8.12E-16,-0.866912821,1,-0.173424589,0.888567723,0.942638702,0.776456457,0.779447129,0.882863029,0.73612719,0.074280859,0.041417568,0.477474355,0.005826102
BF27,BF27_4,4,120,0.571618036,2.22E-16,0.78778434,1,0.051140397,0.816488893,0.903597749,0.705393435,0.763121554,0.873568288,0.690885265,-0.046537782,0.012109742,0.440092307,0.001332751
BF27,BF27_5,4,150,0.689937516,-2.10E-16,-0.09781729,1,-0.041362317,0.903861256,0.95071618,0.782351348,0.829377309,0.910701548,0.746269089,0.027355096,0.023152796,0.460309629,0.001786552
BF27,BF27_6,4,180,0.638173796,-3.26E-16,-0.90145093,1,0.066751693,0.869081798,0.932245567,0.74098815,0.838584864,0.915742794,0.734583123,0.042123206,0.041858433,0.452631023,0.003877493
BF27,BF27_7,4,210,0.724791783,1.35E-16,0.287914782,1,-0.019219914,0.924260437,0.961384646,0.771793141,0.879059391,0.937581672,0.750244676,0.055112668,0.029600817,0.527615957,0.003499415
BF27,BF27_8,4,240,0.638037768,2.16E-16,0.927388321,1,0.045928004,0.868983342,0.93219276,0.743356772,0.827322942,0.909572945,0.739114305,0.041529179,0.025705967,0.484975034,0.002136611
BF27,BF27_9,4,270,0.63877397,6.71E-16,-7.458182719,1,-0.039660169,0.869515755,0.932478287,0.741349941,0.849707292,0.921795689,0.734712423,0.047109056,0.035500861,0.490258963,0.004634691
BF27,BF27_10,4,300,0.649791287,2.72E-16,-66.68869823,1,-0.020309471,0.877353857,0.936671691,0.765465937,0.854488718,0.924385589,0.754866463,0.059972882,0.026303601,0.465594553,0.003523273
BF28,BF28_1,7,72,0.590803315,-4.93E-17,-0.197710773,1,0.028354183,0.832558073,0.912446203,0.742309095,0.41089429,0.641010367,0.50353704,0.029581847,0.034066518,0.471133947,0.003844492
BF28,BF28_2,7,144,0.707914816,-7.15E-16,-2.930399713,1,-0.032687905,0.914686246,0.956392307,0.752401397,0.707211853,0.840958889,0.691767941,0.042631285,0.031151687,0.54051355,0.002853905
BF28,BF28_3,7,216,0.594707767,6.95E-16,-0.271036584,1,0.036698019,0.835738206,0.914187183,0.72444768,0.744407597,0.862790587,0.683472588,0.03489515,0.025480715,0.447810671,0.002016822
BF28,BF28_4,7,288,0.627586447,1.76E-16,0.666523299,1,-0.035916928,0.861308146,0.928066886,0.758966676,0.7683446,0.876552679,0.710465526,0.006131425,0.031227986,0.504533429,0.001304887
BF28,BF28_5,7,360,0.695615952,-3.36E-16,-0.421205784,1,0.050459481,0.907350351,0.952549396,0.76327821,0.840743087,0.916920437,0.72525386,0.034623215,0.023796991,0.465788189,0.001926953
BF28,BF28_6,7,432,0.636020941,2.43E-16,2.686836731,1,0.031618228,0.867519245,0.931407132,0.741884045,0.790055754,0.888850805,0.710417611,0.018448994,0.037029081,0.488558314,0.001312574
BF28,BF28_7,7,504,0.697533062,1.73E-16,-7.710551348,1,0.040857799,0.908513751,0.953159877,0.752361868,0.860832913,0.927810817,0.735639341,0.023631285,0.022933451,0.480098789,0.002030756
BF28,BF28_8,7,576,0.635371146,6.82E-16,-0.937807467,1,0.025344464,0.867045799,0.931152941,0.748621181,0.82312437,0.907262019,0.724788816,0.024912413,0.037582506,0.45609341,0.002239292
BF28,BF28_9,7,648,0.666606168,-4.91E-16,0.076552214,1,-0.00074983,0.888848553,0.94278765,0.758910167,0.860592951,0.927681492,0.753406631,0.035719933,0.027892467,0.506809533,0.002513295
BF28,BF28_10,7,720,0.699582603,5.50E-16,-16.04480975,1,-0.020382956,0.909749388,0.953807836,0.764899948,0.85750364,0.926014924,0.744794572,0.015709373,0.013873713,0.506360539,0.000434994
BF29,BF29_1,10,132,0.605910775,1.67E-16,2.606989483,1,-0.098632265,0.844693683,0.919072186,0.727490366,0.480409731,0.693115958,0.570902142,0.047426127,0.039732634,0.546146908,0.003570372
BF29,BF29_2,10,264,0.643450614,2.02E-16,-0.791621887,1,0.052751505,0.872872535,0.934276477,0.761388783,0.649297348,0.805789891,0.651789618,0.013149201,0.028666476,0.468215527,0.001281267
BF29,BF29_3,10,396,0.684391015,-5.97E-16,-4.717941753,1,0.029499827,0.900390969,0.948889334,0.76238049,0.803746241,0.896518958,0.707974903,0.027860565,0.019092377,0.50529662,0.001110931
BF29,BF29_4,10,528,0.646820871,1.85E-16,0.503104931,1,-0.008177295,0.875264503,0.935555719,0.736537495,0.780125839,0.883247326,0.706422959,0.03866976,0.01767233,0.510026755,0.001574371
BF29,BF29_5,10,660,0.635417167,8.61E-16,1.369859646,1,0.041408519,0.867079358,0.931170961,0.739919534,0.801271673,0.895137796,0.717569228,0.022604023,0.030719489,0.525092454,0.001946073
BF29,BF29_6,10,792,0.685056599,2.25E-16,-0.064472547,1,0.011516287,0.900810654,0.949110454,0.762187949,0.801521629,0.895277404,0.719574397,0.01568259,0.015481633,0.487724234,0.000423515
BF29,BF29_7,10,924,0.639370933,1.67E-16,0.577240746,1,0.020142316,0.869946676,0.93270932,0.741514202,0.82560195,0.908626408,0.722767659,0.02683435,0.015465234,0.488313058,0.000915924
BF29,BF29_8,10,1056,0.644825626,-4.98E-16,0.184875937,1,-0.00270822,0.873851164,0.934800066,0.737329059,0.831342598,0.911779907,0.716719216,0.018183978,0.017292106,0.468798949,0.000708111
BF29,BF29_9,10,1188,0.670821132,8.39E-16,7.737762021,1,0.007522221,0.891641273,0.944267585,0.752429993,0.846033594,0.919800845,0.733017976,0.028180929,0.020110676,0.503050773,0.000891853
BF29,BF29_10,10,1320,0.66679946,1.88E-17,-0.473720821,1,-0.018144743,0.8889774,0.94285598,0.749594489,0.840850352,0.916978926,0.727318797,0.016524991,0.009697255,0.47030267,0.000341332
BF30,BF30_1,2,12,0.871859938,-1.39E-17,1.676580524,1,0.422264634,0.983580124,0.991756081,0.684051266,0.549274674,0.741130673,0.519995681,0.16050392,0.047000418,0.569817912,0.013238881
BF30,BF30_2,2,24,0.884811374,-1.85E-17,-4.918279681,1,0.381261933,0.98673158,0.993343637,0.63431447,0.710697718,0.843028895,0.535337868,-0.016599334,0.16118094,0.480859303,0.00556399
BF30,BF30_3,2,36,0.864912661,-1.33E-16,0.291475361,1,0.322855451,0.981751411,0.990833695,0.816467442,0.525478446,0.724898921,0.551946354,0.027042793,0.062891359,0.377830207,0.004501382
BF30,BF30_4,2,48,0.927509437,2.78E-17,1.869274655,1,0.284058115,0.994745118,0.997369098,0.560279781,0.683322261,0.826633087,0.439881834,-0.010561858,0.089672341,0.50086548,0.00189094
BF30,BF30_5,2,60,0.976715036,-1.39E-17,0.458474942,1,0.30901405,0.99945781,0.999728868,0.688603618,0.606709389,0.778915521,0.51715393,0.002569017,0.039499997,0.307222686,0.000330302
BF30,BF30_6,2,72,0.950516253,-2.47E-17,0.418484796,1,0.285260114,0.997551359,0.998774929,0.544419316,0.755015873,0.868916494,0.469448674,-0.000275188,0.022073407,0.290808952,2.09E-05
BF30,BF30_7,2,84,0.995766646,4.97E-17,0.031887794,1,0.307883387,0.999982079,0.999991039,0.572646825,0.728150067,0.853317097,0.513422331,0.016960801,0.008774366,0.26652797,0.000558366
BF30,BF30_8,2,96,0.969935769,5.55E-17,4.614189293,1,0.420934725,0.999096142,0.999547969,0.663386032,0.672855903,0.820277942,0.540970668,0.050930673,0.014028364,0.470656432,0.001518037
BF30,BF30_9,2,108,0.952471628,-3.39E-17,0.558300706,1,0.352376372,0.997741054,0.998869888,0.610488476,0.715253203,0.845726435,0.51919387,0.045495044,0.019513213,0.287375153,0.003089183
BF30,BF30_10,2,120,0.94100986,2.96E-17,1.731178546,1,0.279220714,0.996520163,0.998258565,0.675917424,0.640174452,0.800109025,0.528961405,0.024276709,0.004018261,0.371557796,0.000262544
BF31,BF31_1,2,12,0.531832493,-5.32E-17,0.983015489,1,0.196747374,0.780819186,0.883639738,0.730228021,2.33E-09,4.83E-05,4.23E-05,-0.066464038,0.043480445,0.350243311,0.008251081
BF31,BF31_2,2,24,0.878039968,-9.25E-17,-0.389780026,1,-0.060833312,0.985125751,0.992535012,0.825770599,1.34E-09,3.66E-05,2.81E-05,0.037168737,0.027666367,0.295982539,0.003474272
BF31,BF31_3,2,36,0.887877428,-1.73E-16,-1.438508738,1,-0.327452777,0.987428529,0.993694384,0.858351236,1.68E-09,4.10E-05,3.19E-05,-0.035093592,0.027597285,0.235977824,0.004104148
BF31,BF31_4,2,48,0.90052231,-1.76E-16,-0.36434499,1,-0.29952145,0.990104189,0.995039793,0.838335862,1.82E-09,4.26E-05,3.50E-05,0.007445717,0.021791054,0.195629204,0.000829375
BF31,BF31_5,2,60,0.94685093,-3.95E-16,-2.361763607,1,-0.264833996,0.997175176,0.998586589,0.863733138,2.42E-09,4.92E-05,3.89E-05,-0.010894422,0.014282434,0.203369363,0.000765105
BF31,BF31_6,2,72,0.845760644,-1.23E-16,2.891987143,1,-0.250884344,0.976210221,0.988033512,0.838555639,3.05E-09,5.53E-05,4.57E-05,-0.016067628,0.004423231,0.166479207,0.000426905
BF31,BF31_7,2,84,0.926904843,-2.96E-16,-0.187849266,1,-0.271757393,0.994657098,0.997324971,0.844385684,1.99E-09,4.46E-05,3.64E-05,-0.00530835,0.020047171,0.143345434,0.000742384
BF31,BF31_8,2,96,0.942096376,-1.46E-16,0.194599494,1,-0.056455546,0.99664717,0.998322178,0.831708339,2.21E-09,4.71E-05,3.75E-05,0.000211071,0.00795292,0.137094293,1.22E-05
BF31,BF31_9,2,108,0.946236909,1.12E-16,-0.197122104,1,-0.03655668,0.99710953,0.998553719,0.82598028,2.31E-09,4.80E-05,3.70E-05,-0.02397271,0.001207996,0.124762211,0.000232113
BF31,BF31_10,2,120,0.92455064,-1.63E-16,-0.215297114,1,-0.134370413,0.994307394,0.997149635,0.821660686,2.53E-09,5.03E-05,4.11E-05,0.004244207,0.004423173,0.096143687,0.000195258
BF32,BF32_1,2,12,0.732927663,-2.78E-17,3.611382888,1,-0.186367908,0.928672367,0.963676484,0.841076696,3.05E-10,1.75E-05,1.32E-05,-0.013696531,0.056710286,0.390000738,0.001991622
BF32,BF32_2,2,24,0.687714377,-3.70E-17,0.383994292,1,-0.036377914,0.90247769,0.949988258,0.851110273,1.88E-10,1.37E-05,1.08E-05,-0.045072342,0.041554772,0.216712217,0.008642664
BF32,BF32_3,2,36,0.7123046,-4.38E-16,4.239988259,1,-0.238330902,0.917231357,0.957721962,0.831453646,4.46E-10,2.11E-05,1.70E-05,0.008474574,0.006579576,0.178371066,0.000312602
BF32,BF32_4,2,48,0.967283063,0,0.028089983,1,-0.194808077,0.998929602,0.999464658,0.86298909,6.02E-10,2.45E-05,1.97E-05,0.022234163,0.015790306,0.188324977,0.001864247
BF32,BF32_5,2,60,0.881790125,-1.57E-16,-0.557262587,1,-0.21731044,0.986026425,0.992988633,0.815602327,3.81E-10,1.95E-05,1.51E-05,-0.01197376,0.003822403,0.175029817,0.00026149
BF32,BF32_6,2,72,0.829456518,3.08E-16,1.107018014,1,-0.254962302,0.970914921,0.985350151,0.815654112,3.78E-10,1.94E-05,1.54E-05,6.57E-05,0.008082651,0.133795989,3.97E-06
BF32,BF32_7,2,84,0.940733222,2.50E-16,0.644404714,1,-0.107752217,0.996487449,0.99824218,0.815950373,5.45E-10,2.33E-05,1.94E-05,0.006829314,0.008071379,0.141152875,0.000390513
BF32,BF32_8,2,96,0.923210663,6.25E-17,-0.362755636,1,-0.071845291,0.994103398,0.99704734,0.86298579,5.01E-10,2.24E-05,1.85E-05,0.006962311,0.002895999,0.114925694,0.000175442
BF32,BF32_9,2,108,0.971941051,-1.19E-16,-38.1501482,1,-0.042616075,0.999212695,0.99960627,0.826991846,4.66E-10,2.16E-05,1.72E-05,0.008962325,0.01963515,0.127386658,0.001381437
BF32,BF32_10,2,120,0.923222632,9.99E-17,-3.241155851,1,-0.094000182,0.994105236,0.997048262,0.84391589,4.67E-10,2.16E-05,1.79E-05,0.000556806,0.009591795,0.120925945,4.42E-05
BF33,BF33_1,2,12,0.649152035,5.55E-17,-0.972371862,1,0.051980965,0.876905706,0.936432435,0.79996486,5.46E-10,2.34E-05,2.08E-05,-0.0113618,0.094083776,0.318214011,0.003359252
BF33,BF33_2,2,24,0.71854256,0,3.978877218,1,-0.32658016,0.920781709,0.959573712,0.795990017,7.51E-10,2.74E-05,2.26E-05,-0.033791867,0.002409009,0.2457281,0.00033128
BF33,BF33_3,2,36,0.964128465,5.00E-16,-0.188008875,1,-0.117239547,0.998713233,0.999356409,0.85280598,9.02E-10,3.00E-05,2.57E-05,0.020450757,0.038126198,0.240383767,0.003243604
BF33,BF33_4,2,48,0.75913345,-5.09E-17,-0.576865568,1,-0.168687504,0.941983305,0.970558244,0.814962333,9.28E-10,3.05E-05,2.68E-05,0.003610034,0.013849622,0.187898856,0.000266088
BF33,BF33_5,2,60,0.936312251,-2.33E-16,1.112888081,1,-0.157750116,0.995943871,0.997969875,0.848451192,8.44E-10,2.91E-05,2.51E-05,0.017752162,0.005870572,0.143890346,0.000724269
BF33,BF33_6,2,72,0.953105005,1.05E-16,0.052669996,1,-0.104753603,0.997800859,0.998899825,0.82286535,1.04E-09,3.22E-05,2.80E-05,0.004211484,0.002794061,0.16433545,7.16E-05
BF33,BF33_7,2,84,0.984508282,-1.27E-16,-1.169871735,1,-0.166226142,0.999760007,0.999879996,0.84074978,8.37E-10,2.89E-05,2.59E-05,0.003296663,0.004733417,0.133541685,0.000116851
BF33,BF33_8,2,96,0.951398766,2.78E-17,-6.400187956,1,-0.193179913,0.99763792,0.998818262,0.836939036,8.82E-10,2.97E-05,2.61E-05,0.000224017,0.006468051,0.111918256,1.29E-05
BF33,BF33_9,2,108,0.878609018,-2.28E-16,-1.627037835,1,-0.134242659,0.985264229,0.99260477,0.84143152,1.19E-09,3.45E-05,3.05E-05,0.008753803,0.018486116,0.110148092,0.001469148
BF33,BF33_10,2,120,0.867907755,7.40E-17,-1.102407952,1,-0.08345722,0.982551639,0.991237428,0.841160047,1.15E-09,3.39E-05,3.13E-05,0.002119265,0.009553558,0.115467587,0.000175344
BF34,BF34_1,2,12,0.234747901,-1.30E-16,-0.722101047,1,-0.284904108,0.414389225,0.643730709,0.608553842,0.050676838,0.225115166,0.18129888,-0.070638299,0.021897116,0.417105802,0.003708352
BF34,BF34_2,2,24,0.467639088,5.55E-17,-0.277985039,1,-0.278531369,0.71659186,0.846517489,0.655432446,0.068211211,0.26117276,0.225400434,-0.011428828,0.017784935,0.313668473,0.000648012
BF34,BF34_3,2,36,0.52009665,-6.36E-17,-0.341994418,1,-0.365227358,0.769692775,0.877321364,0.647616769,0.034001092,0.18439385,0.154204748,-0.029904707,0.011318107,0.128265966,0.002638772
BF34,BF34_4,2,48,0.558383291,3.70E-17,-0.272948889,1,-0.279261417,0.804974682,0.897203813,0.633873922,0.061917003,0.248831274,0.210639779,-0.018407265,0.019276193,0.135145629,0.002625479
BF34,BF34_5,2,60,0.501683294,6.48E-17,-0.201610334,1,-0.240044919,0.75168046,0.866995075,0.677500185,0.071126543,0.2666956,0.209736105,-0.014222693,0.009554901,0.220424831,0.00061652
BF34,BF34_6,2,72,0.38672291,4.93E-17,-0.619078753,1,-0.238920311,0.623891211,0.789867844,0.64308748,0.077073656,0.277621426,0.227738327,-0.032076553,0.000738713,0.1333113,0.000177745
BF34,BF34_7,2,84,0.58472287,-7.14E-17,-0.068009907,1,-0.23225803,0.827544905,0.909694952,0.671509422,0.145082652,0.380897167,0.265929608,-0.003525606,0.044707768,0.211396292,0.000745623
BF34,BF34_8,2,96,0.665914864,-1.06E-16,-2.998970029,1,-0.366109987,0.888387122,0.942542902,0.671020696,0.097403486,0.312095315,0.258313001,-0.023613682,0.000442386,0.101548996,0.00010287
BF34,BF34_9,2,108,0.576573751,-1.51E-16,-5.079569066,1,-0.226248354,0.820710211,0.905930578,0.637306984,0.141591671,0.376286687,0.282170979,-0.023175776,0.012106481,0.201570783,0.001391953
BF34,BF34_10,2,120,0.677372171,1.22E-16,-0.450387121,1,-0.294827145,0.895911284,0.946525902,0.756326662,0.130092228,0.360683002,0.282707751,-0.014058991,0.000541551,0.142783508,5.33E-05
BF35,BF35_1,5,42,0.716099768,-1.64E-16,-1.673232525,1,-0.028886084,0.919400658,0.958853825,0.712700743,2.80E-30,1.67E-15,1.33E-15,-0.01705027,0.034403005,0.379018671,0.003115197
BF35,BF35_2,5,84,0.696372741,6.30E-16,-0.120825032,1,-0.134252226,0.907810488,0.952790894,0.779048619,3.85E-30,1.96E-15,1.46E-15,-0.007305819,0.033412566,0.392168438,0.002202599
BF35,BF35_3,5,126,0.754553281,6.96E-16,-1.789848255,1,-0.241771203,0.939755908,0.969410083,0.795168513,1.11E-29,3.33E-15,2.57E-15,0.035797443,0.018288704,0.354650015,0.001853585
BF35,BF35_4,5,168,0.865582853,-3.33E-16,-0.60773458,1,-0.106546153,0.981932031,0.990924836,0.829294843,6.26E-30,2.50E-15,2.07E-15,-0.004067586,0.029908673,0.289148845,0.001913957
BF35,BF35_5,5,210,0.917081565,3.82E-16,-0.177178509,1,-0.014955305,0.993124533,0.996556337,0.808855748,6.12E-30,2.47E-15,1.95E-15,0.019320068,0.022617454,0.305218476,0.001828565
BF35,BF35_6,5,252,0.92550542,1.55E-16,-1.406751828,1,-0.209054301,0.994450558,0.997221419,0.81529653,1.71E-30,1.31E-15,1.05E-15,0.007040707,0.022389859,0.301430248,0.000981853
BF35,BF35_7,5,294,0.869987155,2.78E-16,-3.653061477,1,-0.064062373,0.98309666,0.99151231,0.775578003,1.53E-30,1.23E-15,9.03E-16,-0.004024875,0.00719749,0.293719141,9.61E-05
BF35,BF35_8,5,336,0.867834057,1.69E-16,-2.677826512,1,-0.020837563,0.982532164,0.991227604,0.81385311,4.65E-30,2.16E-15,1.71E-15,-0.001994162,0.008536714,0.264874751,7.74E-05
BF35,BF35_9,5,378,0.925952042,-4.11E-17,0.182685075,1,-0.119762869,0.9945169,0.997254682,0.82113225,2.76E-30,1.66E-15,1.32E-15,-0.010062021,0.015216421,0.269921571,0.000379128
BF35,BF35_10,5,420,0.892169191,-1.10E-16,-2.968756802,1,-0.033951546,0.988372517,0.994169259,0.80609165,3.98E-30,1.99E-15,1.60E-15,0.00484433,0.013658501,0.258160925,0.000405024
BF36,BF36_1,8,90,0.848044273,-3.86E-16,-4.03943445,1,-0.068979173,0.976909457,0.988387301,0.826340911,4.70E-30,2.17E-15,1.68E-15,-0.021284297,0.063613899,0.382255977,0.008992341
BF36,BF36_2,8,180,0.803686759,1.38E-16,-0.407314754,1,-0.010292614,0.961461111,0.980541234,0.813346388,3.45E-30,1.86E-15,1.48E-15,0.000752999,0.016882727,0.38694353,0.000244574
BF36,BF36_3,8,270,0.864281179,1.74E-16,-2.061486071,1,-0.107194395,0.981580402,0.990747396,0.805888656,1.24E-29,3.52E-15,2.72E-15,-0.004475388,0.024100993,0.384289966,0.000726083
BF36,BF36_4,8,360,0.85758196,1.01E-16,0.047527623,1,-0.0137098,0.979717102,0.989806598,0.799614895,3.93E-30,1.98E-15,1.58E-15,0.001120699,0.023017158,0.385408584,0.000699749
BF36,BF36_5,8,450,0.91453093,-5.92E-17,-0.02225598,1,-0.033341883,0.992695038,0.996340824,0.815841381,4.50E-30,2.12E-15,1.66E-15,-0.002722146,0.022662081,0.356299095,0.000847586
BF36,BF36_6,8,540,0.882715721,3.74E-16,0.801636548,1,-0.055933938,0.986244398,0.993098383,0.797340902,5.18E-29,7.20E-15,5.68E-15,-0.002853978,0.01084986,0.380909588,0.000204284
BF36,BF36_7,8,630,0.86491022,2.82E-18,-3.121269621,1,-0.074478938,0.981750751,0.990833362,0.795126275,3.58E-30,1.89E-15,1.50E-15,-0.010606143,0.015948049,0.362829139,0.000783641
BF36,BF36_8,8,720,0.919626592,-3.11E-16,-2.514205498,1,-0.0854932,0.993540115,0.996764824,0.812156514,7.68E-30,2.77E-15,2.28E-15,-0.005071803,0.015321064,0.352735949,0.000339128
BF36,BF36_9,8,810,0.87200427,-3.87E-16,2.783468122,1,-0.032770473,0.983617093,0.991774719,0.812591537,8.30E-30,2.88E-15,2.24E-15,0.003767775,0.005166342,0.340284985,6.00E-05
BF36,BF36_10,8,900,0.913915045,-9.67E-17,0.364476951,1,-0.064194286,0.992589381,0.9962878,0.808635825,3.50E-30,1.87E-15,1.48E-15,-0.001755893,0.010400145,0.334204909,0.000161519
BF37,BF37_1,5,42,0.759149005,3.07E-16,0.684204094,1,0.090677147,0.941990798,0.970562104,0.794341391,1.55E-30,1.24E-15,9.62E-16,-0.02590298,0.045943477,0.416636822,0.004144834
BF37,BF37_2,5,84,0.725812428,9.68E-17,0.228787316,1,-0.096400558,0.924821175,0.961676232,0.830135032,4.52E-30,2.13E-15,1.79E-15,0.040352845,0.067362764,0.383542868,0.010680806
BF37,BF37_3,5,126,0.843184367,6.24E-16,-1.738489173,1,-0.090735699,0.975408857,0.987627894,0.800950587,2.70E-30,1.64E-15,1.30E-15,-0.011382303,0.014722786,0.343558683,0.000651604
BF37,BF37_4,5,168,0.846019599,1.00E-16,-11.63100965,1,-0.051218154,0.976290036,0.988073902,0.801981149,3.73E-30,1.93E-15,1.61E-15,0.002619586,0.017130959,0.286274867,0.000568669
BF37,BF37_5,5,210,0.861554163,-3.51E-16,0.977053984,1,-0.041303744,0.98083275,0.990370007,0.809643395,5.71E-30,2.39E-15,1.88E-15,-0.007315898,0.006217264,0.283671557,0.000112572
BF37,BF37_6,5,252,0.942706029,-1.71E-16,1.457909869,1,-0.117904144,0.996717401,0.998357351,0.813143209,2.56E-30,1.60E-15,1.19E-15,0.01675026,0.017181084,0.278661496,0.000935579
BF37,BF37_7,5,294,0.920270076,-2.96E-16,19.83563168,1,-0.085151754,0.993643139,0.996816502,0.786644124,5.65E-30,2.38E-15,1.91E-15,0.001675194,0.008081893,0.290935862,0.000175802
BF37,BF37_8,5,336,0.870730895,2.80E-16,1.030478338,1,0.00798253,0.983289499,0.991609549,0.783452465,3.37E-30,1.83E-15,1.42E-15,0.003201485,0.00603758,0.290613378,7.38E-05
BF37,BF37_9,5,378,0.825355755,6.06E-16,2.989063071,1,-0.053159751,0.969499388,0.9846316,0.804016138,2.63E-30,1.62E-15,1.23E-15,0.005520345,0.023671293,0.271752966,0.00079253
BF37,BF37_10,5,420,0.869092768,3.68E-16,0.850164389,1,0.018562631,0.982863297,0.991394622,0.806600489,2.10E-30,1.45E-15,1.17E-15,-0.00760319,0.012121032,0.257329549,0.000475495
BF38,BF38_1,8,90,0.72972674,-3.19E-16,0.456747197,1,0.040079693,0.926952365,0.962783654,0.727407855,3.33E-30,1.82E-15,1.35E-15,0.018136744,0.053430748,0.484257628,0.003749633
BF38,BF38_2,8,180,0.819690217,-3.26E-16,-0.03303763,1,-0.000478391,0.967488382,0.983609873,0.782474086,3.67E-30,1.92E-15,1.42E-15,-0.014879009,0.025766334,0.378445722,0.001538132
BF38,BF38_3,8,270,0.839688076,-1.71E-16,16.83184688,1,-0.11384035,0.974300087,0.987066405,0.814130608,7.26E-30,2.69E-15,2.12E-15,-0.010360066,0.018493841,0.402843131,0.001103905
BF38,BF38_4,8,360,0.854106989,5.71E-16,-1.028587464,1,-0.048302649,0.978715229,0.989300374,0.770973918,2.77E-30,1.67E-15,1.31E-15,-0.003710646,0.024892922,0.39786299,0.000718963
BF38,BF38_5,8,450,0.934135109,-1.58E-16,0.531531633,1,-0.052482901,0.995661816,0.99782855,0.809688386,6.32E-30,2.51E-15,2.04E-15,0.005179171,0.015218047,0.373204888,0.000458146
BF38,BF38_6,8,540,0.902479168,3.57E-16,6.231266,1,-0.052961598,0.990489687,0.995233484,0.794260907,5.89E-30,2.43E-15,1.96E-15,0.001454939,0.011822755,0.351950842,0.000171304
BF38,BF38_7,8,630,0.895146894,-7.75E-17,-1.505796115,1,0.003339784,0.989005826,0.99448772,0.785267064,2.70E-30,1.64E-15,1.29E-15,-0.001752818,0.007476353,0.357430137,8.53E-05
BF38,BF38_8,8,720,0.897320047,1.80E-16,0.164666133,1,-0.08982321,0.989456827,0.994714445,0.797760258,3.39E-30,1.84E-15,1.46E-15,0.012538375,0.012911889,0.368473062,0.000410304
BF38,BF38_9,8,810,0.877990045,-2.70E-16,-2.361883931,1,-0.01927216,0.985113571,0.992528877,0.792231695,3.87E-30,1.97E-15,1.54E-15,-0.00134594,0.01624447,0.369130203,0.000334568
BF38,BF38_10,8,900,0.890355967,-8.88E-17,-3.32779265,1,-0.015314835,0.987978186,0.993970918,0.801152539,9.03E-30,3.01E-15,2.43E-15,-0.003925674,0.008338518,0.340088643,0.000244113
BF39,BF39_1,2,12,0.240061256,1.20E-16,-0.172118688,1,-0.393746036,0.422493106,0.649994697,0.527311589,8.30E-31,9.11E-16,7.18E-16,-0.13826339,0.007596985,0.259460483,0.004048342
BF39,BF39_2,2,24,0.361398403,0,-0.056569686,1,-0.25361873,0.592188001,0.769537524,0.549661001,4.85E-31,6.96E-16,5.02E-16,-0.178308467,0.026523242,0.305269245,0.015492287
BF39,BF39_3,2,36,0.227591915,2.04E-16,2.164009907,1,-0.364007889,0.403385751,0.635126563,0.476509328,4.16E-30,2.04E-15,1.63E-15,-0.016879006,0.004235395,0.136406683,0.000524089
BF39,BF39_4,2,48,0.371060962,1.85E-17,8.814629295,1,-0.239706404,0.604435687,0.777454621,0.506665278,1.20E-30,1.10E-15,8.58E-16,-0.073247872,0.005811707,0.187062503,0.002275684
BF39,BF39_5,2,60,0.345522571,-6.99E-17,-0.984050827,1,-0.311337356,0.571659295,0.75608154,0.586645981,9.98E-31,9.99E-16,8.01E-16,-0.032885683,0.011872999,0.119031508,0.003280238
BF39,BF39_6,2,72,0.337297642,-1.85E-16,-0.025882033,1,-0.340100472,0.560825585,0.748882891,0.52724683,1.08E-30,1.04E-15,8.31E-16,-0.026084084,0.001398243,0.127818848,0.00028534
BF39,BF39_7,2,84,0.380860762,4.49E-17,0.475686197,1,-0.34918746,0.616666605,0.785281226,0.578991144,1.49E-30,1.22E-15,9.91E-16,-0.017265669,0.007592492,0.091873629,0.001426845
BF39,BF39_8,2,96,0.300780078,-8.33E-17,-0.450436607,1,-0.326413747,0.5110915,0.714906637,0.57131394,5.53E-30,2.35E-15,1.90E-15,-0.02105,0.002760917,0.074938014,0.000775538
BF39,BF39_9,2,108,0.362283188,1.44E-16,-1.638005731,1,-0.337517052,0.593317268,0.770270906,0.608999162,8.48E-31,9.21E-16,7.17E-16,-0.015718748,0.000724965,0.081885734,0.000139164
BF39,BF39_10,2,120,0.393200351,-3.33E-17,-0.033086234,1,-0.348742828,0.631794186,0.79485482,0.624022785,4.24E-31,6.51E-16,4.66E-16,-0.012530744,0.001565106,0.067404191,0.00029096
BF40,BF40_1,2,12,0.78342853,-5.55E-17,-0.736353432,1,-0.39969221,0.953096798,0.976266766,0.770765065,6.17E-31,7.85E-16,6.34E-16,0.002656454,0.034053549,0.332696799,0.000271904
BF40,BF40_2,2,24,0.687021936,-3.70E-17,-0.467994274,1,-0.377073082,0.902044731,0.949760355,0.765989951,1.17E-30,1.08E-15,8.02E-16,0.034367854,0.020776841,0.139644493,0.005113381
BF40,BF40_3,2,36,0.921475318,-1.42E-16,0.3136294,1,-0.495337913,0.993833874,0.99691217,0.864353101,5.96E-31,7.72E-16,5.88E-16,-0.002484459,0.027430173,0.165435509,0.000411938
BF40,BF40_4,2,48,0.945235165,8.79E-17,-1.625853946,1,-0.444311377,0.997000813,0.99849928,0.768478186,1.17E-30,1.08E-15,8.26E-16,-0.009141531,0.03113422,0.116508066,0.002442873
BF40,BF40_5,2,60,0.759617584,5.55E-17,1.167176367,1,-0.487065925,0.942216294,0.970678265,0.767782054,2.99E-30,1.73E-15,1.24E-15,-0.006271992,0.003052084,0.156658197,0.000122194
BF40,BF40_6,2,72,0.725475081,0,0.047747941,1,-0.346490409,0.924636069,0.961579986,0.680438989,3.04E-31,5.51E-16,3.62E-16,0.001440709,0.007372802,0.150084642,7.08E-05
BF40,BF40_7,2,84,0.887630179,1.77E-16,-0.944475997,1,-0.332686287,0.987373023,0.993666455,0.749232931,1.09E-30,1.05E-15,7.77E-16,-0.001518668,0.010286966,0.089142576,0.000175253
BF40,BF40_8,2,96,0.901504484,0,-0.125505882,1,-0.423362302,0.990298633,0.995137495,0.772641959,6.98E-31,8.36E-16,6.81E-16,0.00140074,0.007343892,0.103129823,9.97E-05
BF40,BF40_9,2,108,0.949074766,2.47E-17,-32.9224153,1,-0.366114799,0.997406621,0.998702468,0.75188674,7.39E-31,8.60E-16,6.92E-16,0.003450322,0.002082944,0.116582856,6.16E-05
BF40,BF40_10,2,120,0.913797136,-7.40E-17,-1.710172015,1,-0.381155283,0.992569066,0.996277605,0.788395117,8.14E-31,9.02E-16,6.36E-16,0.003438847,0.00329943,0.086857577,0.00013063
BF41,BF41_1,2,12,0.878485848,6.01E-17,-0.42620545,1,-0.362964905,0.985234311,0.992589699,0.827286169,0.00606549,0.077881256,0.066157708,-0.004718796,0.13432888,0.218416893,0.002902114
BF41,BF41_2,2,24,0.801105327,-2.78E-17,-0.733908261,1,-0.478803011,0.960440909,0.980020872,0.825458681,0.004143059,0.064366598,0.054519825,0.021062178,0.015908943,0.182979356,0.001831228
BF41,BF41_3,2,36,0.791309385,2.22E-16,-2.511144322,1,-0.294747063,0.956448227,0.977981711,0.860959313,0.004375693,0.066149024,0.056350749,-0.012257845,0.004350173,0.130226395,0.00040947
BF41,BF41_4,2,48,0.723289629,-3.70E-17,-3.7140137,1,-0.352986725,0.923431371,0.960953365,0.807584322,0.006113819,0.078190911,0.064906177,0.011354145,0.019910927,0.139820244,0.001616873
BF41,BF41_5,2,60,0.805019797,0,0.784348864,1,-0.219171254,0.96198272,0.980807178,0.770100498,0.003636802,0.060305903,0.049236269,0.009071433,0.011414527,0.129656612,0.000798618
BF41,BF41_6,2,72,0.636030728,7.40E-17,-0.203693154,1,-0.390205869,0.867526369,0.931410956,0.739805571,0.004794714,0.069243873,0.058910438,0.007952827,0.000415587,0.113271634,2.92E-05
BF41,BF41_7,2,84,0.809427729,3.09E-16,-0.536863563,1,-0.315679716,0.96368221,0.981673168,0.754917201,0.005152006,0.071777473,0.060047334,0.000737022,0.011805498,0.106325712,8.18E-05
BF41,BF41_8,2,96,0.629741008,-7.40E-17,-2.236730702,1,-0.318120467,0.862908279,0.928928565,0.765267999,0.008140294,0.090223578,0.078222203,0.003205524,0.013773002,0.10128893,0.000435879
BF41,BF41_9,2,108,0.74685787,-2.21E-16,-42.41104171,1,-0.359829512,0.935919062,0.967429099,0.799853775,0.007365707,0.085823698,0.074877054,0.001343008,0.003482888,0.091399792,5.12E-05
BF41,BF41_10,2,120,0.675819977,7.40E-17,-0.013769239,1,-0.428309364,0.894907313,0.945995408,0.757894186,0.006532527,0.080824052,0.071052428,-4.74E-06,0.010326903,0.091683379,5.34E-07
BF42,BF42_1,2,12,0.922180115,1.48E-16,0.009162322,1,-0.452004689,0.993944066,0.996967435,0.72698187,0.142700923,0.377757757,0.296226354,-0.134403236,0.108925335,0.455701647,0.032126102
BF42,BF42_2,2,24,0.86397796,-1.85E-17,-0.705101552,1,-0.510304176,0.981498005,0.990705811,0.755651042,0.195715482,0.442397426,0.370905728,-0.012688263,0.017926271,0.366487364,0.000620631
BF42,BF42_3,2,36,0.9568272,-5.55E-17,-0.300275547,1,-0.497991666,0.998136109,0.99906762,0.714053359,0.2217168,0.470868134,0.383043035,-0.03669753,0.000519305,0.3304729,5.77E-05
BF42,BF42_4,2,48,0.801900463,9.25E-18,-0.821357716,1,-0.510710548,0.960756573,0.980181908,0.678767343,0.233973624,0.483708201,0.400565079,-0.067467866,0.03750796,0.35475929,0.007133237
BF42,BF42_5,2,60,0.965535076,2.04E-17,-1.199811077,1,-0.504871188,0.998812169,0.999405908,0.707012731,0.234786523,0.484547751,0.39576459,-0.030616443,0.010147674,0.266302114,0.001166666
BF42,BF42_6,2,72,0.930931966,-6.17E-18,0.31032033,1,-0.517294618,0.995229607,0.997611952,0.725367424,0.233857322,0.483587967,0.384586958,0.00085545,0.009475276,0.266011213,3.05E-05
BF42,BF42_7,2,84,0.931653006,-1.39E-16,-0.995224747,1,-0.524994325,0.995328688,0.99766161,0.72780734,0.227985164,0.47747792,0.383954783,-0.022370155,0.030369977,0.272378451,0.002494254
BF42,BF42_8,2,96,0.922788552,1.85E-17,0.204369662,1,-0.513638205,0.994038392,0.99701474,0.723211402,0.233062206,0.482765166,0.394735817,-0.0019557,0.003696214,0.215126955,3.36E-05
BF42,BF42_9,2,108,0.846497285,-9.25E-17,-2.012976098,1,-0.510798998,0.976436916,0.988148226,0.70408217,0.226449315,0.475866908,0.383199776,-0.003277796,0.00628936,0.220711063,9.34E-05
BF42,BF42_10,2,120,0.990406169,7.40E-18,0.220206165,1,-0.514203023,0.999907958,0.999953978,0.724512727,0.223800472,0.473075546,0.378622713,-0.002129265,0.001294311,0.249050849,1.11E-05
BF43,BF43_1,2,12,0.692278942,0,-1.845769734,1,-0.588789555,0.905307751,0.951476616,0.778852542,0.193387596,0.439758565,0.35100529,0.068217394,0.02536768,0.584613555,0.002960104
BF43,BF43_2,2,24,0.718470569,-1.85E-17,-0.175292208,1,-0.241588141,0.920741179,0.959552593,0.732474047,0.204771741,0.452517117,0.371805328,-0.014284939,0.029805002,0.432790329,0.000983762
BF43,BF43_3,2,36,0.830685188,1.97E-16,-1.598888384,1,-0.413375623,0.971332495,0.98556202,0.779230339,0.271513248,0.521069331,0.401458363,-0.052153733,0.030971246,0.378643733,0.004265926
BF43,BF43_4,2,48,0.873547457,-1.85E-17,-0.635471581,1,-0.431129108,0.984009754,0.991972658,0.73088184,0.164579254,0.405683687,0.302393919,0.049756158,0.019495454,0.323449475,0.002998981
BF43,BF43_5,2,60,0.787205609,1.55E-16,-1.513096495,1,-0.433073838,0.954718547,0.977097,0.782867604,0.262267906,0.512120987,0.379821344,0.002474708,0.01243673,0.276387612,0.000111355
BF43,BF43_6,2,72,0.942996624,-1.11E-16,-2.208419353,1,-0.459254642,0.996750615,0.998373986,0.767346573,0.236410992,0.486221135,0.379099674,0.01318245,0.002210885,0.253148136,0.00011513
BF43,BF43_7,2,84,0.972874267,-1.81E-16,-0.707305598,1,-0.460921515,0.999264195,0.99963203,0.76648549,0.294984348,0.543124616,0.429946365,0.016526632,0.01660853,0.287391681,0.000955084
BF43,BF43_8,2,96,0.920309304,-7.40E-17,4.928589599,1,-0.393764673,0.993649393,0.996819639,0.735208202,0.287534231,0.536222185,0.410013781,0.004909801,0.016589611,0.230520556,0.000353338
BF43,BF43_9,2,108,0.933601375,4.37E-17,-1.053613727,1,-0.444124098,0.995591223,0.997793176,0.761420407,0.265908632,0.515663293,0.401808898,0.029795464,0.0220979,0.25211059,0.00261162
BF43,BF43_10,2,120,0.929311507,-7.40E-17,0.216845077,1,-0.425080031,0.995003137,0.99749844,0.786042787,0.282482197,0.531490542,0.416845231,-0.008725112,0.014619072,0.248859942,0.00051255
BF44,BF44_1,2,12,0.773435247,1.11E-16,1.023516115,1,0.652951349,0.948668413,0.973996105,0.850967202,0.884907812,0.940695388,0.81899499,0.016013062,0.053715234,0.588599337,0.001461343
BF44,BF44_2,2,24,0.905378875,1.11E-16,-0.141414244,1,0.566248081,0.991046843,0.995513356,0.803115021,0.933688051,0.966275349,0.791191726,0.032484832,0.015932931,0.334186231,0.001548773
BF44,BF44_3,2,36,0.805109946,-1.54E-17,1.474645034,1,0.578126837,0.962017867,0.980825095,0.714461452,0.763359874,0.873704684,0.63343538,-0.121908158,0.029008986,0.421595546,0.00838821
BF44,BF44_4,2,48,0.745292403,-1.30E-16,-2.049549784,1,0.650353339,0.93512404,0.967018118,0.762959619,0.838426688,0.915656425,0.717969258,-0.035782833,0.008137956,0.318418637,0.000914517
BF44,BF44_5,2,60,0.737822704,1.85E-18,0.611924452,1,0.645357388,0.931263066,0.965019723,0.765384724,0.806236471,0.897906716,0.703745965,0.022044161,0.000760324,0.383793048,4.37E-05
BF44,BF44_6,2,72,0.818901764,-2.47E-17,1.141636509,1,0.585629988,0.967203429,0.983465011,0.772143439,0.859845619,0.927278609,0.726014832,0.03615829,0.011530025,0.293621501,0.001419876
BF44,BF44_7,2,84,0.771729728,-4.63E-17,0.607204242,1,0.603399937,0.947892683,0.973597803,0.756256026,0.780394328,0.883399302,0.664738911,-0.006771957,0.004530543,0.345003031,8.89E-05
BF44,BF44_8,2,96,0.730655043,-7.40E-17,2.310402942,1,0.569389316,0.927453294,0.963043765,0.675829862,0.795410819,0.891858071,0.663662355,0.004037239,0.021563781,0.218744604,0.00039799
BF44,BF44_9,2,108,0.723840893,7.20E-17,0.537621939,1,0.626021827,0.923736148,0.961111933,0.746262802,0.820099707,0.905593566,0.708227529,0.016083424,0.003118932,0.256772397,0.00019536
BF44,BF44_10,2,120,0.76808157,-7.59E-17,0.976723122,1,0.611547279,0.946213842,0.972735237,0.763738651,0.884185184,0.940311216,0.721125932,0.019382862,0.014332056,0.281867784,0.000985555
BF45,BF45_1,5,42,0.684743734,-4.23E-17,1.374922757,1,0.237240429,0.900613487,0.949006579,0.802718556,0.405167564,0.63652774,0.520362541,-0.107258444,0.05161103,0.54521569,0.012431505
BF45,BF45_2,5,84,0.604969327,2.97E-16,-4.309221171,1,0.242173199,0.843950767,0.918667931,0.715030779,0.728273145,0.853389211,0.649447409,-0.000121511,0.06624989,0.536049145,0.001932889
BF45,BF45_3,5,126,0.8195127,2.39E-16,-11.3171139,1,0.242889985,0.967424334,0.983577315,0.799014309,0.881073142,0.938654964,0.742968303,0.013897018,0.089081698,0.508979796,0.006476839
BF45,BF45_4,5,168,0.738536481,-9.52E-17,2.314210316,1,0.201429485,0.931636828,0.965213359,0.791454314,0.775971415,0.880892397,0.695876159,0.039967527,0.018134056,0.488890398,0.001190909
BF45,BF45_5,5,210,0.852929329,-4.23E-18,-1.080046943,1,0.269089142,0.978370218,0.989125987,0.825568708,0.8372451,0.915010984,0.748229852,-0.025302327,0.025877735,0.530813941,0.001735231
BF45,BF45_6,5,252,0.820120939,-1.59E-16,4.290948705,1,0.221717054,0.967643523,0.983688733,0.824383723,0.828904578,0.910441969,0.743820074,-0.00903878,0.028042607,0.476092458,0.001033332
BF45,BF45_7,5,294,0.861773099,0,0.168791203,1,0.232133403,0.980893324,0.990400588,0.809043961,0.89556175,0.946341244,0.768812835,0.003950449,0.029310076,0.484877943,0.00154755
BF45,BF45_8,5,336,0.885083535,9.52E-17,0.190171846,1,0.188103802,0.986794206,0.993375159,0.815584379,0.869576443,0.932510827,0.751750413,-0.013373052,0.035612661,0.516412849,0.000703212
BF45,BF45_9,5,378,0.789538974,7.28E-17,-1.11328336,1,0.178695017,0.955706157,0.977602249,0.828283584,0.840896828,0.917004269,0.749773678,-0.008218626,0.035646186,0.452326593,0.001282304
BF45,BF45_10,5,420,0.771559056,-1.18E-16,1.127603629,1,0.249410301,0.947814735,0.973557772,0.778915035,0.810490391,0.900272398,0.702994906,-0.009280032,0.0098279,0.47227662,0.000247372
BF46,BF46_1,8,90,0.784515438,-3.49E-16,-1.28227383,1,0.194869663,0.953566404,0.976507247,0.781764432,0.477531389,0.69103646,0.510184689,-0.063919558,0.048872197,0.548755363,0.005582202
BF46,BF46_2,8,180,0.812618564,2.10E-16,0.513533904,1,0.136838994,0.964888198,0.982287228,0.788871013,0.736458619,0.858171672,0.680552889,0.014016917,0.041455455,0.529197219,0.001982125
BF46,BF46_3,8,270,0.800024871,2.63E-17,7.704348417,1,0.164948407,0.960009948,0.979800974,0.794624857,0.754041547,0.868355657,0.703361061,-0.004598104,0.02399823,0.516957161,0.00057274
BF46,BF46_4,8,360,0.857329621,-2.96E-17,1.124857492,1,0.124123979,0.979645163,0.989770258,0.774036141,0.796987465,0.892741544,0.679951778,0.018743192,0.020460412,0.53412235,0.000504866
BF46,BF46_5,8,450,0.852996004,3.55E-17,0.146283176,1,0.12768633,0.978389825,0.989135898,0.792269139,0.867274903,0.931275954,0.729891582,-0.005352057,0.02876187,0.492418858,0.000838854
BF46,BF46_6,8,540,0.915261628,2.63E-17,-0.821461939,1,0.149093354,0.992819408,0.996403236,0.789746303,0.810285923,0.900158832,0.704795083,-0.009056945,0.026164785,0.489246325,0.000887065
BF46,BF46_7,8,630,0.830861401,0,2.192775449,1,0.12106146,0.971392134,0.985592276,0.78641504,0.861994496,0.928436587,0.738237497,0.001720289,0.02589028,0.483132158,0.000978441
BF46,BF46_8,8,720,0.867210538,3.21E-17,0.146695782,1,0.093045684,0.982366959,0.991144267,0.790422043,0.868590251,0.931981894,0.734878867,-0.003146902,0.014239967,0.50983462,0.000150749
BF46,BF46_9,8,810,0.808409713,-7.79E-17,-3.070619985,1,0.164298352,0.963293162,0.981474993,0.78911495,0.841729805,0.917458339,0.741696542,-0.009341753,0.011807543,0.507128153,0.000325171
BF46,BF46_10,8,900,0.885487262,-3.36E-17,-0.26538079,1,0.115670542,0.986886833,0.99342178,0.804197569,0.851028987,0.922512323,0.740252584,0.00302129,0.018561527,0.519775866,0.000422755
