,0,1,2,3,4,5
0,6.243059614311973,-3.7647287586361124,9.067143847620727,6.019239234822418,-8.29939286504701,45038.70306067682
1,4.721944517001582,-8.241670170756539,-0.12266892517378138,1.2624602680110701,7.947402254146846,27376.71429109765
2,1.8376964843369847,-5.536134439018747,6.034075824637328,5.526569998466298,-1.4111444868877643,9404.54618443974
3,-1.1788643118071018,-1.4104176890879705,-3.3678642232855998,-5.225237306062485,-8.39676926902527,32951.46673475604
4,9.060035634111351,3.5327551626354903,-3.0473949492945582,-0.6426828268426457,5.05110003626841,3656.3392999828507
5,-9.963864493939418,7.0898466080909595,-0.4830212497027311,-1.40416967739048,2.319032757094748,7770.583394450443
6,-8.820875875150543,4.422963245960613,6.653932757894271,9.591614503151552,-2.3037182703916814,35699.15870836646
7,9.026563731381795,1.5958074506131372,2.841758519606255,9.843784756399838,0.3239597348880726,36136.478024453085
8,-7.002774051921593,6.755044737395245,9.941194765647449,6.206474062768751,8.730907691289113,58819.18544126499
9,-2.0856108123780324,-5.674417597724865,5.184350221966842,-1.433191452253119,-6.534554933000029,15317.34016501872
10,9.98853896716912,8.407884307664524,1.3359900975785917,-1.7799991128549244,7.676806096530763,26026.318856151793
11,7.842152953757574,-3.510635205521421,-5.798098719247003,3.8017735226912786,1.8744726795118702,5863.515391487924
12,5.786790413967966,3.26997093341295,7.4283645293126614,-1.744144013385824,-0.8697471074792734,8263.414086849594
13,-9.816127179375458,1.2621876847443094,-5.451604701120894,-2.808622076625428,1.4538708663271005,3639.8372192517118
14,-1.5512409374180516,1.195682112242233,-2.3206810806977414,3.9439285889796087,-2.8414108251484507,1440.3159292180944
15,-4.655652174074214,-9.414768068062584,-6.459090871148768,0.12416733445205744,3.8874266484248583,26574.458949216536
16,8.927808595855488,-1.537905683532083,2.2312101252905125,0.854272828146163,0.5750545940869556,286.7576297353213
17,8.7803345057367,5.222139051338404,-2.6226368421952646,-9.207214382036131,4.918458165254742,36881.679249237146
18,4.121573252001642,-7.26224949162089,-5.433762185436713,8.780681948093935,9.454272042468634,68528.78791887379
19,7.758289370170248,8.81880057828183,-6.587713656934463,6.771524159578362,7.020949049283113,33477.48729789062
20,-6.924276920888569,-9.964557246967559,-7.496458236291546,-2.726161063520021,-9.032640896435062,72195.09527837195
21,8.265001207041637,7.511890942907233,9.516144875029173,0.5932211193013079,-6.91279202282703,36853.75548373363
22,6.736323009670603,8.413408656758374,1.2500873314401606,6.472680187570637,-5.141545071376748,16979.076574328054
23,6.246363053484814,-8.87608211218991,9.531064406707586,1.570736530071981,8.139048845755447,61494.608177972026
24,-8.38913476234287,1.9868840508513106,-1.86289730036904,-2.3735825991084094,-4.136453924400193,2522.059991381122
25,-2.877677151184834,0.2061709312135104,-0.9903972213931397,9.911218680839319,6.8365706896398475,46195.74777793079
26,8.869861243358972,-4.644519992688694,6.901228625492402,-0.8734128357080597,-2.366749655298348,8941.864603842156
27,8.09230843882948,9.27601932740939,-7.141237402060727,-6.557771517692829,-0.8441519339571042,27748.00627486142
28,-8.766829247952991,-0.2793746075968521,4.476421654273119,-9.01989942661848,-6.72791746530925,39867.93602567997
29,8.320899757685439,-2.3327403040823245,1.422073108311079,-4.872708064431149,-3.2903808050263383,3352.362421182757
30,-8.62273402622582,2.5326120999702812,6.3240990493552305,7.817125798803565,5.369076445405893,18966.864335393933
31,-8.14626604131865,8.356205470291394,9.977063215817061,-4.534593182131284,-1.691252416114308,37909.122081318696
32,-3.8355371716760196,-2.039482729942024,8.988516123086873,-6.8736613801002635,-3.49784251166914,28415.693639637546
33,8.606146238372096,1.7805029306794902,3.317329743238234,3.187304891856005,-7.811563914288347,17282.847931409295
34,-1.1494544129444098,-0.028860426911564267,2.1483858084448695,9.239055661823409,-2.489718334855565,27814.987817239704
35,-7.162736186880384,-4.7809573839417245,-9.928558015093405,4.061342923725435,9.041225564078733,66882.71434792619
36,9.654941629302078,8.569266678191434,-2.0236070672409254,1.6314001641210898,3.1678303112216155,8710.991101148069
37,7.460732036596987,7.808271444285606,-7.86155093720193,-7.3167272724983405,7.885530905777137,53742.628354456516
38,-0.7581753036291403,5.2786523343946286,-1.6685941647170743,6.387571394495629,8.702233808384657,32916.004960821694
39,7.287517737141615,1.4960283863237929,9.624593274256315,-1.5179074325145228,9.870243742450079,74167.86000014452
40,-2.4292938477601527,4.8180673776421745,-6.005647732353445,2.876478074982234,1.4836279818823097,5074.4601738166875
41,-5.016344221724952,6.566047437956797,8.118486626617546,5.480209698844831,0.5000589643673736,17291.814825120848
42,2.392301739033373,-4.573744683477167,8.79622531890453,-2.0812154355750945,-5.082695847723384,24810.494226629948
43,-0.8621679746726795,7.681718564838825,1.0009352541292529,-4.4690286581839445,-5.883746825310078,16385.19790739714
44,0.8241771090849139,7.379823493457183,3.425235933139395,0.6424259602115302,6.582628930431065,14958.724138192774
45,-8.182431430205625,4.269149141782524,-3.444114085527347,-8.4336033522406,-9.470196099529778,72030.57067353693
46,-3.3661130895887346,-5.138911219350032,-1.9911869692413147,-6.308993478378506,-2.0722898759527086,9590.04906625775
47,-4.377535300778909,-8.169718824764278,-3.3100053321329383,6.667639246044741,3.7345511709536163,20634.786542183992
48,-7.988542544696681,-4.476942616884631,3.5713051837513756,4.697951112267534,-9.631701071552616,42695.12077172875
49,4.312174140426574,5.758894514369767,-4.227643585613466,2.2042210460333433,-0.682638514478201,2461.524387889972
50,-5.311735823638424,2.1376852681333895,-5.35397241981613,6.111612877875267,-9.050289934963804,38366.62856867605
51,-1.6695810862889615,-5.78600304715183,-3.6067330888259956,-0.0762412013781731,-0.15947784799352693,3589.764182741049
52,7.66005347718919,0.7176090926022196,-0.657458786420929,-2.499905226573891,-9.92233984751077,51294.80278227331
53,-7.685500843232385,7.327968907560589,-6.968914448370093,6.82159296259217,-0.9397012064199091,24339.887134352753
54,-4.8045052436693645,8.579130527991465,-2.199656545951811,1.6618842252926473,-7.295713506674328,25764.163698694374
55,9.940595466532784,-6.952836831372441,4.511463447134879,-8.838511397751134,2.883974065079108,28410.19174572901
56,2.98407171541231,4.390483056750115,-9.283217471594295,5.809714033406386,-9.415644102571843,62327.0276469596
57,-5.806509234905912,-4.328376046651348,-7.575225972028371,-9.794780477545586,2.062162748787508,56522.51050133596
58,-1.6935470500077159,4.201170361924746,6.965539560278367,-6.015512063268546,-1.9873915736533818,10559.690250326881
59,7.5341895822797165,-1.7292374368738685,-0.10017827606101155,-5.416281829743131,5.31120930411713,9212.324553439377
60,1.8615705303950394,-3.6644000468604436,-8.94060016046447,5.1702397993597,-7.580803474297998,40000.08570887171
61,-8.043416598081226,-9.815031428426789,7.696408759297741,4.120890817646441,-2.4685959560017934,36539.359270817025
62,-5.643656649122694,7.283691743209086,3.839317383259414,-9.476828857631432,8.844463928387379,75123.02447880372
63,9.14512300946798,-6.860010013280467,6.438314113345877,3.037276385221193,-0.5818420504813283,10010.977069398767
64,3.8991147833437996,-9.471407977655394,3.4736987702301896,7.848222350146055,-1.3284370800963325,29823.439063415688
65,-3.629578336841247,8.10611292679259,-4.6873747119321845,-3.4924342574357707,-2.5802182321517138,11869.323786795616
66,3.151682545559421,6.0689310290142995,-6.175984431456897,2.947994366278638,4.104617850688513,7209.64804202114
67,-4.40662903313588,1.1115017058614338,-1.1412317504057226,-4.238987268257788,-8.211476915521736,27234.85100064812
68,-0.01266017729678269,3.9942658334020003,0.715897340523133,-7.066744840587341,4.601013780010025,14225.260156655411
69,-5.935636549701474,-1.9900812478585514,2.8753175306525303,-7.822514931152117,1.4024796427560475,14642.006438206334
70,1.4038483851203365,-2.114854264597835,5.716330913363007,2.0800605034473456,-3.834253476536918,4454.52842886814
71,-7.876109859967887,9.158765062512424,3.7075475795376445,7.532220630077319,-8.523731566215897,49432.967921502306
72,-6.80357474098059,-1.8071234409930452,7.521262693576277,-2.9484364796202627,-3.979512842465064,12256.996901404442
73,-9.16944612373352,7.523779241369402,0.299506995831137,-6.913053315785861,2.397602301317199,18745.440888504567
74,-4.156081501136549,5.495995168907933,7.99486075580657,8.501979626607536,2.4349506963591714,29192.7057752562
75,2.6050995498240583,-7.391067404811446,8.288469015195595,1.9236654987382704,9.69272373113163,65211.692810880326
76,-1.5287750985994017,-1.2031046140843062,-5.553710770112656,0.019049003481889357,-3.805479949496714,4274.333430641609
77,2.442277533172051,-0.8392060672132634,-4.262099022795553,6.3258104919588565,-8.86079080254063,34989.20847874476
78,5.726720121425727,-0.08567299920033736,-0.6320706338023626,-4.022164248835768,5.088545852415454,5693.433104270993
79,-0.5037551373078598,-9.192095200342436,-3.0041707051345443,-6.379990071743493,-3.4159517807578084,24717.79224908184
80,0.36728376855552447,-2.7124672770935203,-9.073408681825068,-0.32067648268970655,3.345298215957363,22792.53838264027
81,6.633883522366867,5.099321743009548,-1.4450760252797594,3.749811842097062,-4.20372331628808,2740.0744441171246
82,5.351852804858564,-1.2438822966126697,-4.4256703239929776,7.122404133932161,-3.753460355537507,13760.232507430976
83,-3.119199570401669,5.696963876211794,-4.455917841403567,-6.578046521153519,-1.2935969142495365,12601.188936447108
84,0.9044972649667397,6.640024726563762,2.3992210941263736,4.710917164158897,-2.6658990866238397,5328.155291430396
85,7.452987242554982,1.5610693744601376,-2.5564102392218535,-8.958934604525147,3.4154574455178888,29728.88866032338
86,5.5646037269538695,5.847965110053633,-6.322096528306995,1.7613337829830233,-1.5788231566889652,5511.324702537281
87,-6.958854490914124,-7.312860973408112,-6.781345269344108,-3.269810369571843,8.07014449397686,40503.06690655858
88,-2.524765891175593,-0.7302076849088305,9.365307367087045,-6.9340767443510325,-5.564122483593108,36670.94704633164
89,-6.208768333834177,-8.94400681346968,-8.750743859383885,6.568327669989339,-9.253694414520854,78881.23524924462
90,-9.414314507848271,-9.290330805589509,5.8619415749565125,5.039213446907272,-7.668638830217819,40132.890688297615
91,9.613043719525784,-4.3910496811391315,-5.152147727964642,-2.6050345009893814,-2.748730557524594,4218.4650247111285
92,3.0361887119797837,6.3825358803563415,-4.767582260698652,-9.592943362964924,-8.351694239989952,72600.53843807675
93,7.188131505272464,8.004550078493503,4.213803216278222,6.9626188442034795,-7.406577517816851,26102.15326356063
94,9.230614889232353,9.596667339394378,8.912393130114893,-9.196945890345823,-3.637352772730374,53851.06318781736
95,-3.5914623431048587,-0.9350081836536592,3.001089347059623,2.3391514755819656,-7.128881138923406,12134.305925283013
96,9.707098388786694,-3.3971246235941845,1.1272769033354317,-6.737685968604282,6.661601992673845,21050.45408112035
97,5.415110000579998,-4.405415364084137,-9.82000026257935,0.8387728416347856,-2.2150159276560415,31441.57891643978
98,-5.035440211422605,5.767947891150221,0.4894416409257053,9.724562096836129,0.20867946816645597,38933.649879614604
99,-0.6256391402355299,-0.2578489267658621,6.213717318784392,4.423502036238172,7.565163486384775,19192.604093232672
100,5.3311494113820395,0.4991051621980308,7.919784584039416,-6.278061685353011,4.1950948658359,18503.932701753954
101,2.8749819820559175,-3.974144905409731,1.8314136777020693,3.611963092485935,-9.602777644747526,40252.52846300136
102,4.257494212644733,-7.945770041722561,-9.325204118054302,0.9918544043915718,-5.273085226708325,37984.7250861306
103,-8.531677857645175,2.779981898755137,-9.699161931445829,1.129522241821534,4.781269338785334,28466.264453857013
104,1.983800728079482,-2.1641939912578154,1.6804794944542794,8.900037169344914,7.4553016469805735,35029.71572911038
105,-7.453591563300771,0.8573985528748105,7.165232761885103,-0.5342332261507374,4.264004417090657,9791.987733389622
106,6.116347380756961,-1.1343592273682264,6.269966139594276,9.149697538739236,-9.525866573865322,62259.444907211306
107,-8.291394375209782,8.16552469673701,-2.395374906137742,-8.777453138624379,6.304548932345024,48359.70225619391
108,9.470477421567027,-6.746738777776397,-3.4033743426043896,-9.282076211710288,-4.917615067823157,41362.33442330912
109,-5.382883938774944,-7.847727534440841,-4.384508584792081,-0.1968849756587221,5.564059774092042,16140.880054564152
110,-7.297767226462287,-9.04260229624133,1.8982046946196864,-7.263715922232432,-5.377621335064648,33308.459713135984
111,7.3282642536135985,-3.161816946598443,0.3399953941629679,6.439930883150255,6.813610940097701,14848.263581778452
112,5.288830082009149,1.314828267962401,8.154502592132548,-3.9972087550699698,3.9669086004649223,14981.341026815662
113,9.4945166550704,-6.475488888559428,-0.3067848234883137,2.327004788379022,-0.7595351649309239,2452.278463418955
114,-1.3284949135204567,3.1039955702601025,8.471148042600223,5.3282602492047175,-6.579808004043585,23180.93220486533
115,6.558261604339641,-7.009677989268287,-2.6707375198791214,-7.232159757401927,-1.7731405015329793,16883.856256534917
116,2.1552181829381,6.928625025630124,0.9012808958773919,-7.627438197643074,-2.2429600141565635,18241.690985172365
117,0.8548803740130313,1.0400277968657645,-9.193937668456348,-1.613483720564345,-0.9569413542533114,21499.780656542123
118,5.923416049955667,-8.053624035237721,-6.672493090025215,5.240002347011205,-3.1488090992817312,20032.86281198365
119,-4.935313483978803,-6.023178520737152,3.5997464937861032,-4.799110179359593,-6.800557741984097,19052.481183288146
120,1.3724314310246006,5.943648088865311,6.998837859922332,-4.3124418351798415,-5.85095361328285,15830.396969823483
121,3.5192100812263085,-0.16229584004108727,-8.269613900535136,-4.683430062676671,3.065160512344467,18767.763235945513
122,5.859114676962957,-5.609392490725338,0.22501394856906604,-2.126868474487772,-7.982734857654522,23186.70189279547
123,-5.520612370417171,9.851284669116584,9.335723285315403,-8.23142702939914,0.13320214109989098,53003.15388256712
124,-4.003420389171497,0.9706689771730508,-2.9353898985638187,-4.956815267084975,-1.21166303347553,3481.9185353323355
125,8.112055512615619,4.765529029982298,-5.9221800127938415,8.977308604052508,7.775085756414975,46419.34231453132
126,5.004953962691488,8.67439160793662,1.720750904170741,-3.601873293434142,7.045588695164936,24661.468908361414
127,-3.052463140529942,2.6911125015331834,-8.836338658885458,-0.26818895690706657,0.845031527344687,17601.482409854638
128,-6.526161301117302,-6.058955723453451,-1.0935952895472607,0.3849803039309422,-4.120012209440266,5335.667971811965
129,6.299889261589303,8.68087878996121,-3.9582578525682623,7.46651879727467,7.3496696219563695,34807.30698350127
130,-6.428034631414126,2.45716486817747,-0.9197219593972981,-5.801972522724605,-3.6586293985006844,6998.3870002218655
131,9.183503545576873,8.253138693501251,-5.321298342735075,6.894186810837802,-9.27972180054751,50771.476778172415
132,5.929057187695526,8.869410544944957,-8.0138533928421,4.575866628437838,0.41250677637543876,23247.445787861132
133,-8.695456631823195,-9.321874417513007,-3.087455659913741,1.0571442697837203,8.824213201230387,49005.71478393052
134,6.579421085554227,-6.792110172522961,-6.2302422021903086,-3.290638021572594,6.255225665566445,19560.95503734308
135,0.5035673554602358,3.0165820107902865,-0.46820560743064543,1.0708157787394494,3.763354061110206,1038.9471709195134
136,2.559259906585259,9.430842648768005,-8.715024068837614,9.811094937154591,1.536618250948084,72555.5197417337
137,-4.496577207942259,-6.572843844044366,-4.579705032945958,0.9420429202731303,2.7355859907778983,7190.517210659937
138,-8.67477839110165,-7.826298767793599,-2.788158675303957,-3.72020180776173,-5.618762162580351,17936.042490917753
139,1.7542591298947454,-4.863189465185789,8.735658288194571,8.785367243902442,0.2859993418656367,39846.30860604323
140,1.667948301694576,7.8691049092459195,9.732210475457322,-6.128468096990609,-1.7013118018717113,33393.04318816976
141,-5.727443167278671,3.644024977917462,-6.884302299916956,-3.565630837131783,5.447331502500494,13570.32582692204
142,0.09340084423396694,0.2456737486640748,0.07540749235504424,-5.621754964459315,0.7632875601794493,4169.708570153438
143,-2.705186990757001,-7.677568141086215,-9.115354616423954,-8.651412314815225,-8.723979917929952,96450.62422216592
144,6.478858557533666,-2.940212205336815,-5.2101393637559665,3.0969130317890343,-9.110030191387791,35547.78411788339
145,-7.219438619937176,-6.414239478426113,7.657315515245175,-7.1288961455526145,1.9735999957464916,25499.427369084893
146,9.819952793967442,9.792951886776885,0.40595880986097777,-3.065096039480455,-8.15681168300628,39719.175286162135
147,4.882115569859207,-3.0658249250423832,-0.40451390640863466,-3.0757135100818305,3.8435930828617275,2069.3241500071917
148,-9.054338613460196,-3.9088804141548192,9.150993848226653,8.637898149212898,0.6086053526637614,41815.69043801438
149,-4.3182415470792,7.453937410297549,4.026433269050636,-1.3625580157039172,4.831262334640921,10499.680156568356
150,2.5062047151105524,-8.781130873636162,7.501341263731493,-0.6987698993671404,-6.356826261956017,32474.272389411326
151,-3.270125038572325,7.961962908485746,-4.610917265283745,-5.550995640348438,3.4832225114548705,16019.859551161995
152,-2.135301208031744,4.047092733213838,-5.9715357897509005,-5.587936115563535,9.490423748393443,54978.13464667415
153,9.368399596614847,6.961002093102698,-5.837697265952373,4.83724433027161,-0.27428411360662086,8864.256878189215
154,-3.6527499658686677,5.360074160110593,-5.743334620245214,-1.8934460980186112,5.73511097281847,10806.58501465596
155,0.2571175404233641,-3.227090736918367,-7.258594832417041,-9.552330210628579,4.427817604097855,52650.438445745676
156,-0.6912788119097414,9.76503063013139,-2.501987777978006,9.50587744183849,5.843613382403445,56020.59741648522
157,0.04224891411401125,1.8095947313417964,3.93877870819077,1.479342555436598,4.606428610314793,2545.8055897799727
158,6.87796062173309,8.903767082780362,6.866297022417202,-1.6749579985483178,-1.818757934719763,15095.329310207773
159,-4.2529038254212015,7.935046134095795,2.169773303171772,7.368835366418187,9.238206675590984,50366.44145061463
160,2.915260253357676,-2.889275033983646,5.9555817946040515,6.055754109009995,4.472405866135431,9223.33573086859
161,7.3815557840632895,-1.4919424730269255,-1.2856241859116582,-5.919012761866232,8.566462996174277,36845.28983155589
162,-0.05660771770683312,0.31222843235772774,4.584968546101922,-6.691693613335776,1.3247529966335247,8106.735200434552
163,-4.848095872017528,5.152487200121378,3.1522342327766437,-9.969960298172605,9.779290796226222,94890.46149773909
164,-9.35367154390168,9.673442004711987,-9.760313120287694,4.808465177347503,-9.356608860220637,81825.51926724018
165,-8.96207749654603,-2.2256277598600303,-8.148725305551807,6.173783440572965,-3.0547714320104644,23227.077182075405
166,-8.32757859694868,0.461019480856883,5.892002380698749,2.6656923455093198,-2.9139078614360288,3928.575893844262
167,-1.9016927256197222,-1.8608346192505987,-0.25759547209551026,3.8831915578457505,7.844987121719455,17641.72391779063
168,6.17240059292075,-0.9751410426911571,9.748308362185528,8.020532563641098,-1.8971222160113654,39745.893415351835
169,6.887391367791274,9.555728613389467,8.65180417713474,6.276171487646348,6.149561355918509,35834.73454805918
170,-5.257716323164194,-3.280493958568035,5.651212186878899,-4.615981505548962,4.012500604512399,7399.288352661294
171,-6.023928900279341,-5.2851659071572925,-7.149256419927693,0.36808092620833727,6.036942749763021,18617.228747175617
172,4.567571793762294,2.8237160034031454,0.8124584687379681,-8.05006814740134,-9.196166020289786,59321.32744598817
173,-5.435966406654442,7.095725915991837,-9.532789720882901,-0.6090993935254774,-7.775172706836011,46357.287144142036
174,1.5394228433173303,5.911608528055536,5.996298068312192,-8.57093935853124,-8.769122371941059,59670.58297528804
175,-6.753263801110133,-7.239208118836175,7.811854415040514,3.3291631289612598,0.24833928702773916,21136.009210045522
176,7.142439848931906,-7.158557702572807,2.5767045144461598,-1.0704511240696886,9.29957335951167,42834.347813095235
177,-9.718344450195083,-8.801564047636155,-5.066107603818421,-3.785111989154852,8.004326979587685,43407.014856052774
178,7.063899793077702,4.173433546963325,3.5278586307133035,3.6639117906091783,2.964312347367936,979.4543445174293
179,-2.7780421381347757,9.313385740760156,3.6520382032035283,2.979055475681459,-8.062250615967873,35431.532302928805
180,-1.9321926705412582,-7.927348543291511,-6.043731218466903,6.665281741621225,8.20944316238779,42957.92976522904
181,1.0383650392858286,5.293300489288295,-9.947863120319266,-8.154231981708978,-7.223959978091694,69352.6346899615
182,-8.862642791390822,2.0294222323985815,5.4121808034329675,9.383501617010452,8.38683758713206,48557.985876612234
183,-0.24040685774454656,-1.068549112428657,8.327079234232569,7.93339472381171,1.7082076623330922,26933.067355171737
184,2.1000347737438814,0.14086298945694622,-6.359881714859563,-2.2890310930957503,-9.503227430258468,48296.217066330915
185,0.7065072561624561,0.8202096338430166,7.2731496760572565,5.879090240761911,3.5417497822122046,11337.799377694806
186,1.4949119044869248,-2.275650167762247,6.576397774810966,2.5352523162430196,-4.356417116999088,7596.836522138646
187,0.44835108395979395,3.3210302636405284,5.579572925829181,-1.1731624705084651,5.55446996082842,7743.272424682931
188,-3.332494010378926,8.774199593474227,-1.3367594709346924,4.161520830116749,-0.029814324778469813,14546.135948519388
189,-7.530709151328666,-7.079505437546239,-3.548863375037369,3.237617261985199,7.227511941694779,20673.175665556413
190,-3.407864825406024,-8.425749328038503,-6.639656860581156,5.1318177145511825,-6.210303497107981,29301.9372481654
191,-9.222691298695471,-6.346186887646343,0.6271891169797168,-2.9780353531329737,6.130836602754005,13639.994452642542
192,5.073272503901374,-2.99084052012469,-4.725871117190969,-6.038641255787086,-3.553089627898396,10498.96268876141
193,-2.2933590725754107,-4.24625679585113,-3.708932415301224,9.430752438271824,-7.921547217153245,50359.06542086018
194,-9.8843104050662,-6.904297937932903,-9.04628526003104,-4.391180971835334,-6.268308787847202,43118.48961249093
195,3.850541665415245,1.3391163895090115,-0.017577512998280455,1.8666029099795738,-3.221676518149079,433.339317965769
196,-0.9778954459296518,6.468287630077093,-1.2649815678048488,-2.4462200457536696,-6.489268618684204,13878.281683207571
197,-5.488539601406012,8.490685621523408,2.7473607767575388,-4.208838017491049,0.44659868986448414,13075.371653911674
198,3.9501866634065363,-6.687342153732173,7.337586672874549,-7.018064021045354,-0.4813271898406048,21614.36579017137
199,1.1405610244935596,4.6961351021559095,-8.799727358218325,2.4848654531156518,-7.552039147143539,32522.225303031504
200,2.3373665169908757,-2.179086756185497,3.209806360729542,-3.812271065662506,4.029667620318071,3003.818893978888
201,2.716382241327314,-3.4700709812102124,7.048093224153191,7.985996574975925,-9.685471716329033,58349.92851085772
202,8.805666124644347,0.9076214848644417,-0.873838540141719,6.875772446237615,5.450622119658861,12068.980294827797
203,-4.8876281480807755,6.189298313837842,-5.635914802989442,-9.054495671780186,9.323769781914065,82505.02666100583
204,9.841812619982223,6.528979167667366,-1.505243844984926,-1.30275159947359,1.060746437215112,2353.010365346567
205,-9.760819062319149,6.012342608514414,7.1994057590729055,-8.722767619026948,2.164508245395653,30509.93038153557
206,9.741649147196604,5.535198703860303,-4.869537361944945,5.61951568083493,-7.511463007851293,20159.469939309714
207,6.41871744979006,0.5580252370063274,6.383648282899832,-2.265545548214592,-2.0521700439833657,5166.392420539104
208,-5.207193638745146,-5.8407092013013235,-3.154856423743648,2.247167918267337,1.79762152978793,4153.265726273187
209,4.81358971970397,3.557178266042081,6.0958354157051,-3.130156186777472,-2.6147016492962347,4076.2699492480533
210,8.974726533488555,-0.598060850074153,-4.323237027074679,4.266708827737679,-7.016633336155689,13468.186770279699
211,8.403311587117482,-0.542683848109435,8.708156748760247,-0.5265180406982672,8.587927953665883,45556.77887276127
212,3.764226751182882,2.1792755259601404,1.0200002295951884,-8.136558316727172,-4.863590931448013,22062.43177123246
213,-9.25992147920457,-9.592415111244112,3.781017423206799,-9.66642697096696,5.636042172344023,63067.83646595236
214,6.689221177288339,-5.094385574202472,4.178194714715666,-5.171706196606659,-0.3414878361150136,4477.425881058441
215,-4.757375615108904,7.247186612711748,-7.985886176681058,4.210314601342409,3.0920051863623312,18968.58629831443
216,-9.925933244025966,-3.953265990099004,-3.695264613014216,0.27865359276419616,-1.633501724683267,2441.0581449425895
217,-5.661775903753799,-8.109716375183254,-1.583784234802059,7.231758176354344,-4.743722413357568,23366.0600864344
218,5.677681099356785,-2.578906819372397,-2.127309014556109,3.493199670159904,4.355691060259097,2194.5303357294392
219,6.995747240220468,-2.4953456392453712,2.6890046365185984,-3.198741926734717,-8.82704453479548,33447.09330470495
220,-7.116313168630198,-2.642681117613177,-6.131829665280557,-9.929616675191545,-1.2610255867567137,49858.03944643733
221,-9.50252111466655,6.819315791346727,5.027041938242476,9.019049052418366,9.083671448242942,57708.48551962782
222,4.383847697353096,2.076941115562946,-0.17726616275444324,0.5512345730082816,-6.618094763039995,9376.861808188325
223,0.30581146693097383,3.8011919486479346,8.392384235256081,-9.457691180369052,5.162278574586865,46518.09405744346
224,-2.5729757429701348,6.314217421671836,-1.9092460493702035,5.977083053466247,3.201899075170862,9393.721729167859
225,-5.1622667961946895,-1.0147392716660195,-4.035086479702601,7.191986977672301,7.152570411953473,23114.38967678134
226,5.131255071837431,2.322769909997912,-1.830482958247659,-3.3935813521557376,-6.338147283987194,10222.780676299657
227,-8.250184444791115,-6.14722288271627,-8.212086794755477,4.384487225951385,-0.07657115973137986,23675.93482643607
228,5.986603174164811,0.37087941891661874,8.438498237891869,-5.952794238926404,8.431168868511886,47736.304805338776
229,9.285666342673391,-4.526318162640783,4.655410011756793,-4.082645033927891,-1.1411960058766752,3101.0030221462175
230,1.9535291235979062,-1.9236287540083978,-2.485517233126556,5.446819175356989,6.550984750128659,11358.737707065186
231,3.7536608290385676,3.6975397847857217,-2.8450786269293844,9.753949643853371,1.312545389516912,38988.756459274315
232,6.060864809547837,-3.6154978952548564,4.752000174040781,4.525273079848807,-5.71040411590797,7115.407477231931
233,-5.833807015583879,-6.191728837346261,-6.291973340463297,-0.009983579379720043,6.191117640322702,17744.624993237736
234,6.81134117927422,9.245155030843124,5.689270683926903,-7.554010050025089,7.25538915634419,42687.0877124058
235,6.9505884299605265,4.915727304870641,-7.075339304095431,2.3896612217788373,3.593657330933855,7949.926497515075
236,-6.330690973096855,-1.6260749515204365,4.340590549147647,3.9790220504539056,-8.938307865860496,30814.694033211475
237,-7.627483104984866,-2.6558877287429317,0.47489221902478934,-9.711939200383242,-6.18111899207807,47240.11394205258
238,-2.602700665378265,-6.524961480704478,0.1217975980267421,3.3682897264073013,-1.1028661893396685,4750.387454010774
239,9.335605970520586,4.086847096206562,9.629636550644534,8.862644431106693,-9.98242328444514,83959.5166701689
240,-0.17792142215905615,-5.909657881946555,-8.133756811892503,-2.8774123433689063,-2.1472413195777107,19404.86232745231
241,-7.377978808532501,6.110656826412731,5.085071473173896,1.3306073589368335,-6.840391018334503,15616.63401600832
242,-0.8171224358402835,-6.119885150315815,-8.343185404120605,5.558704868439857,1.8183811096034828,26322.201921665615
243,7.6753656024163925,5.660105586754386,-9.476756035867746,1.8308502607604318,8.263308581943964,45211.84462805368
244,-6.284464563970147,-0.8787987938512534,-3.540623557072856,8.319272787878589,6.473342138935106,27503.040693661977
245,-3.144999094850926,-5.008264865865562,5.519837056327904,-6.6368194270498595,9.600576541739077,60139.09181604846
246,-6.6798646504124966,4.520197916235346,-4.16658996820801,-2.420183266881466,9.994236002638818,54757.137809229804
247,3.2400471364067984,-8.000197036682472,-6.42490559997851,-8.586218761845911,-3.242436959918699,42193.589024603236
248,4.943138019448307,-7.666422292411665,6.505376638029806,-3.3787369638736853,-5.500283532853752,19058.943354859162
249,-5.889904000085698,-5.464562631459266,8.543878880665883,3.146188830303898,-2.752853263809228,21178.400628881394
250,-3.745679792453548,9.73129390443815,3.343990943562975,3.4442413466711965,7.366816156190134,32617.74463401334
251,-4.085537326502688,-0.49027207013485474,-8.974024030417123,0.7314232471822,-3.90034298688023,21167.871544021917
252,2.1912653953109347,-0.6486828612370281,-7.309194447321968,-0.9905910222336985,-6.675319847637828,19428.519480488085
253,8.66558648108222,3.742996877521126,-8.552814639790771,0.49444395100706395,5.891218016643492,20730.025224520534
254,-7.089135595597035,-4.661754832992741,0.86503523959456,8.685784422295278,-0.14735112582702992,24437.283781899783
255,-8.510469578791486,2.5642817874237265,4.00910416567313,-4.71321448984852,-1.4919008804526155,2659.5513352659855
256,-6.8440600745578966,4.9850042211607635,-6.530224390707361,4.314755853375121,-7.850300124186671,25278.29514056057
257,-6.505563016446211,2.9106414160926595,9.864623834112017,-3.6564679503943998,1.0184998355540154,27398.453141236987
258,5.163624215166385,-5.2131989278040605,-1.7877938489005443,8.266811727243246,1.6278904370279443,21028.17655679195
259,8.241540668200907,-8.523866854600657,1.4627608136456747,-8.397521408541873,-4.042807633074805,30827.590303261666
260,-5.1168896551734235,-4.742635108814552,9.463779036484258,7.774300917670239,-5.422319925366133,40975.5962217805
261,3.316919052330166,-8.504859430303823,1.5938274272103674,9.550576898070972,-9.831298269676468,79959.85050194136
262,8.55390965429003,2.896728322113071,-1.0184593914588929,-6.170586777843075,-5.993793345814775,15041.465965017185
263,0.2044756210221625,9.037295947988756,-6.730228761438779,-7.151875235208379,1.2040685427173714,30988.96906485634
264,-3.9557891665125258,5.599985989284298,9.238619661597497,-2.0507970521999606,-8.954299795175633,55510.55809332559
265,0.6417194414733873,0.616996155297621,4.296249747457642,7.648410201599125,2.1848231113906604,12747.866702980657
266,7.95073556543991,-5.968554399885662,-3.817821641308671,2.632206875600181,0.7025077108742583,3330.903809980571
267,1.0779590550851945,0.6599001577200323,4.88489950152336,-2.693189453349006,-6.036946698437478,9297.19644157556
268,-1.3796443943836274,1.0676061847358387,5.3000941707299205,-1.8466489645540425,7.492037173166654,19030.256176435636
269,-6.066761347622218,-6.393492019801362,-4.094646380560996,-4.833813566696904,0.08188388999905047,9199.875293659492
270,-2.0332482449456495,9.897258492849817,1.5449861741446704,-5.262896746815612,7.8184487981728585,44948.790742643614
271,-1.0222145878272966,-7.43175451210223,3.047840263511235,-9.414634282492644,1.6867360665782605,37224.098418071175
272,2.8212990437848426,-5.755088486231096,0.67671654006627,-6.431364158263417,-7.167289385227983,25281.595457965348
273,-6.360501624338628,2.708723261181604,-3.806687070546609,-5.464332437428759,-5.523617689113543,11850.27129097136
274,-0.43601573961524587,4.740362615766577,5.249478636622514,-5.315565524595924,-0.21228646793519276,4874.070186918569
275,-1.2195074406965245,3.9140190406887214,-4.824921519767113,-7.430077648420568,0.037628888122146896,16368.12251274289
276,-9.673519011968661,-3.2493681421016394,-0.5666518533309625,0.7682851114667861,-6.098103343238066,7607.747548408694
277,0.9560206588760182,-4.9502639760243055,1.9588437653975448,8.391205901063392,9.906051556571775,60349.423689655036
278,1.6340798751188585,-9.541281694424292,-0.33441429106063125,8.560692860214296,-5.070495334979296,39415.4020735493
279,-0.14502479235034313,-8.356551116506555,8.863446815524876,-8.466641519990766,2.7521432344978844,49530.93901962538
280,7.799091262178411,-6.649749170429998,4.256946103121093,-8.34409282173799,2.602990021664597,22774.294668161514
281,-4.505562710575483,3.1991828610418227,2.022136371878397,5.188236415086988,9.819619187646333,44567.08036207094
282,8.694374017956987,3.012757446595868,-7.691553923906378,-7.494277327580798,4.526970726040252,29743.828681513027
283,1.1835763581744678,0.3542557444964039,-1.189534705258715,-1.9492611471193309,4.996818237145085,3727.961425432912
284,-2.0037470881725614,-7.576535800301734,3.24760673009402,6.511564843557951,9.143713110655488,43903.63733135499
285,0.5967306620788138,-2.843361532475984,1.2031186335689013,5.823638658773437,4.6892419745638305,5754.337257594974
286,3.37134329077283,4.562568409422633,-9.43844236200649,4.901302718901391,-4.80433388165086,28177.27386725734
287,9.567205480808704,3.8120317140319053,-8.38337390512024,-4.582961640710231,4.741611878585868,20494.20366235777
288,3.693054639133314,-5.325712909115763,-2.3679785318202002,0.06187038677505019,6.7169700617582935,11755.715073188261
289,5.209819830569175,6.699170482477491,5.224190341004044,7.3407817852039265,-3.376341656615443,13991.885936485807
290,8.194000203902142,5.4223408909193545,8.59663500111575,-4.396375538787277,-8.426250187203678,43904.74147758623
291,1.7332551388997997,-8.677514019942233,2.957560807915585,-5.004982483144711,8.986231624760979,50459.1919875607
292,-3.802754638554549,7.656342402952223,2.095021056078761,2.745765423638273,6.372980941781741,15137.095327869305
293,3.1942833897233354,-0.3462795838183901,-8.087894782799147,-8.796479117111712,-7.4499777538730445,62886.265922869614
294,-0.5617651794095575,-7.552296662631089,8.212860776509011,4.981919511432087,8.188351904023143,43879.04124393967
295,3.606360746721461,-5.404514506683336,-3.893504723809956,-0.821236013266951,-4.5524452860666065,4990.995077396477
296,-2.3320421681487247,9.406171782463973,7.128116196313113,-9.124268535001866,-3.4849220108399543,47087.561307683165
297,0.10616129359282148,-9.454140708182292,-2.864416710794181,1.4094667668943757,5.227337260366264,20328.454007233537
298,-5.5772797912804695,-9.632264591325479,6.162214513207219,-1.04754926874437,-4.519038973438729,28597.783390818917
299,-0.3335309283006359,-3.742811735340572,-3.2325115980824193,7.29540981643409,-5.293349415308306,15913.758421949842
300,7.2111275053973625,-7.484622270489429,3.074755737907797,-4.171161805976178,8.341299653408964,33678.72186582593
301,4.221785091253929,-2.4243536678926367,-0.8298890688582652,9.342591731233274,1.2451206221232454,31404.777369239975
302,5.630137261098403,-6.258328814809069,1.5018403803324039,-2.769299016010203,5.771990605322037,9151.129993606932
303,-2.213137519200186,-7.775499591745685,-5.019801244999628,-6.775656049771816,2.227224443599326,22191.47215376736
304,-1.4540808247555204,9.060382107389584,0.5473551231417457,-8.00655518429384,-2.4213483452982287,31315.750529021574
305,6.353396909457178,-8.379333514937821,-5.253368370665168,-0.41149380447207456,3.288930576486173,12815.920071608816
306,4.0325116213330645,-0.4185219419673084,-0.7799638260824996,-0.9175420933455671,8.643031946947406,28644.216020195745
307,-1.7548275754609308,6.437191766033277,2.6423478270121676,8.455252105349718,-2.8929988077682456,22700.36627129685
308,1.2890194317620325,-1.6422287053904063,-0.6923713217784966,-5.066158005399425,3.6355080379605633,4467.951860517265
309,3.091319763583845,-8.891267422407594,-8.415049703788616,-1.5392358405834783,2.375645417790169,31326.741135341526
310,-2.2556663907000054,-9.694013162800386,-7.226903783893379,2.5453390122657886,2.582208699049091,30870.26675172028
311,4.179412129357526,2.6130905981627333,6.824875962614283,9.188028895924779,6.888950752336503,37229.878983875205
312,-7.820564459759394,7.14603883609265,-7.756064788361831,2.0268209611225134,-3.95523384913569,16933.51216434034
313,8.01462488250009,1.670347621492017,-8.490289118947537,9.64287600153159,6.72073221495739,62477.712764086304
314,-4.194979848649448,0.7432788533440157,-7.931518638139446,-5.86353655379171,-4.621781377409114,22533.047635298448
315,-2.9962479572035843,-9.239020607046626,-3.1977804198427533,9.093580269412806,-4.258377605161755,46683.754263105286
316,-4.670174792825463,0.09506889528676644,-4.506964587425932,-6.4844701496409005,-9.89046240286488,64370.205486355044
317,-1.5895327524622316,-8.256226082789931,-6.856930948693883,3.85257179905449,-3.0078919890145457,20922.085588624486
318,5.463841040825455,3.438982075860922,2.35860132358955,-5.105268667406817,-0.6207880710098953,2512.905315858834
319,-9.444832581528914,2.2409104534198185,9.166674919184716,1.298474405332005,0.6759771734097225,20822.384430248974
320,2.7533533126529814,4.953370891704396,5.006044295845573,-9.856874199531415,9.647635897676686,89109.61494402157
321,-6.644446650774065,3.149540545340941,6.671114054218062,2.126273703457747,2.9589641501903565,5975.910714787593
322,8.423396384108308,1.4126931348763496,4.9724222896926635,-5.694544063326919,0.9555669730492105,5001.629416643003
323,4.614811303335031,-2.78490828992092,5.463259998771614,-7.887132666210656,-0.43968902541494836,16433.17722877302
324,-7.887739160095093,-3.3578997559506383,-5.587871324319003,7.043927957959605,8.508738920975446,37947.70457816504
325,-9.581953999580305,6.272785016663372,2.4409140027970735,-7.985435904944159,-6.977723025494425,36003.91191381194
326,-4.594919732491384,6.2314274073531495,0.2115167387606862,0.2305339050722045,-1.0337597931242672,3921.307783941242
327,-9.00778979310265,-0.7560847305578089,-7.372324951271995,7.583086072987022,-9.768545055497551,64809.99590559233
328,-1.2840005208359493,0.028833284879398593,7.383165591926636,0.4741156484552362,1.1115647133984126,9121.350293388354
329,4.666265882282504,8.950706868399202,9.304666138324055,-0.22380260727108672,-7.302004284714217,44152.837524439994
330,3.4224214560221746,8.079785908396044,1.7636169082197821,-6.214774171518246,7.096892822137713,29174.83800853128
331,5.523192901607491,1.8670183643548617,1.1071078370310032,-9.322938506491962,7.566445159006223,51643.97897600821
332,3.5865555512147953,-8.643204598478818,5.788560665383655,1.1777841390453168,5.703598537482925,20445.002505126275
333,-0.9065879330534808,-4.171287858286687,4.075068357029828,-7.360261676817725,2.6707508761337024,13058.633307126265
334,2.031428429148566,4.462271496991284,-9.61536132058999,7.687605336607151,-8.618462715609018,64926.87818402537
335,-7.736563929727402,2.3410555267901816,-1.6102428327483194,-7.841573338080169,-5.936692511318075,25634.571772983716
336,-3.194442568418963,4.307047691950178,3.8632684265638235,-9.736100684270781,4.329120082543186,38428.19833667261
337,0.5619065239718495,-9.871105301118742,7.6047589982209765,-2.5913531978206388,-3.1194267989666593,33284.04934952038
338,-8.459339777949813,3.3562685049126335,-1.7052359922008393,2.7685600193377318,-4.292759886245914,2445.4017857953804
339,-1.0802325723024062,-4.898202065600964,-3.978685179783051,3.4168666044398397,5.9304896532936,8572.247286290805
340,1.2410114296203199,9.994634430278026,7.776668073477835,-7.714601197041255,9.564978829758374,87023.69611937608
341,4.838743713260259,1.7107896232612534,-5.680610073425926,9.98450302412661,8.923607116074711,71488.64393031168
342,-7.491036084394599,-9.15225988908265,4.4055597380768665,7.4475550304978775,9.20526722511205,59471.19349123512
343,-6.574554325415084,-3.5683067652873426,-1.40430500315016,-8.263063792236556,0.9445189705260084,20736.715720517088
344,-0.6455927327415132,1.4742623880807246,2.7559978315985956,-3.8681056475043634,-5.7892017277727135,7714.410374805086
345,-2.462799151115602,-9.90412327455482,-9.86920078454011,4.636773849066037,-1.4620430050564945,58744.89173370248
346,-4.0238846885003445,6.843460258220828,-8.642673213598727,-5.393536519256259,4.925768996780773,29102.594453521822
347,7.568571640594695,-3.0870444135477366,-9.66891151281549,8.237036878630379,3.24154284784105,52092.715036920206
348,-8.034941742129577,-1.4598308557866568,2.2823371013999716,-3.454046367985829,-4.935540478067191,4662.0763692345645
349,3.4751887388819895,7.751444345433837,-9.37447616496795,4.949206853654417,5.250498110519037,32824.043974157044
350,-7.575227992158085,-0.1232077056604695,-5.090816521572919,-0.11977055001910464,-1.9102099727299369,2398.2138085781426
351,-8.93827482172006,9.472497670869558,8.065259181235803,-5.746644906733476,6.447910383215316,42523.65563365715
352,4.013326503729447,-1.7808920032578728,1.2912978780930864,1.4979605286924553,6.967572906616356,11117.894659513431
353,-0.4011470108316779,-1.3433107242293618,7.859156165826985,3.5681102119295653,4.176907194274587,13018.186637018573
354,-2.6794775211001314,-8.618742437487162,-2.7395377229286755,-0.7418186235999193,-7.060358091678765,25480.103106826
355,2.2488529013946845,2.3933784385116494,-7.446244754829422,8.143491944589098,-5.20836878307515,32035.32767633173
356,-3.9077130714065165,-5.569059218089892,9.009204567648858,2.849710833721558,-5.735257539297684,29548.193283534594
357,4.488180261155183,3.443477222655067,-6.989212382619487,5.727368237032421,-4.429531761943986,13604.521744596424
358,-3.4565186827990493,-4.116264331535161,-7.639817741326516,-1.2234916375867915,-8.015685720263606,34333.20700615852
359,-9.13195218947722,-1.3069976265749192,0.02621791458118415,5.375030046992798,-8.126135462936332,22073.09703018601
360,7.935828520676264,8.267449596578771,6.55549493527907,-1.1505427093508316,1.9172885150008425,11187.727578411801
361,1.4740811869626946,-0.43823710154726425,-4.931809585668683,-0.4377574066873218,7.647167892055375,19303.85503269313
362,-9.524201689338232,-4.209635075866084,-2.2614808997051674,5.691953037083893,2.8486596396966313,6690.733136052538
363,-2.9489814867968365,4.625712436190089,4.6726676771203675,0.20553415819020066,3.7030478798881563,3087.3888094506483
364,-6.1397073420666715,-4.051497737270447,6.720636021836489,-7.740211837131132,-5.014378095615042,25059.39920560174
365,-0.27472008781854534,-9.738358497440709,-2.065846860230809,4.473488900509963,6.021749829644181,25684.214343689448
366,-7.311750756738962,6.994762479341424,-8.6013735683887,9.28638479077734,-4.660796556084704,56607.71119091559
367,2.686498896600377,-5.382381593737046,4.8376577079035545,8.586283105436566,-4.483118068500817,23514.368023492472
368,-6.098462275854571,-5.049025151955084,9.833254129725413,-1.998364291125279,-8.515721029253818,61000.12188503715
369,2.297034512606709,-3.838656422680409,-7.555665967414873,8.066147966747717,-0.4202668491035328,32852.26321166826
370,0.38193662279381724,9.101233931661374,4.794766078116566,-2.18682752961017,9.399131523985435,55154.093217549256
371,4.422848125365861,-2.473869478013006,1.9372450390893603,-3.951546256678556,-0.6992391525389752,980.677835811645
372,-3.5380885377256366,-7.101059239882339,-7.803675522640599,-8.927986330398358,-8.661449037197965,85586.72553204709
373,8.485076183219011,7.569284583852842,-9.20796442696799,6.999013255069482,2.0972049669378254,36288.26365612507
374,4.54125902107422,-9.059743981718512,0.7925648866343531,1.9934177800894965,2.5253642239090337,12454.875551247782
375,-1.8292706020612857,1.9342818310467162,2.50911667179421,1.7302855826456316,0.8595829907678629,132.98998148240435
376,-2.8406343427819705,3.940988722724046,7.94516383703706,-7.581509863250224,-7.70694634243857,43443.415842067174
377,0.749991639696869,5.048700368838528,5.346516862223287,8.183378877044188,-6.444195460781458,23633.922813585225
