,0,1,2,3,4,5,6,7,8,9,10
0,-0.7932283040602724,-0.00978242272609717,0.9376017424928941,-3.296280634312193,0.0592407103066146,-5.8713087834798845,-2.0842085157231827,-1.7664607867003417,2.728034916219134,5.864054908250832,1.0053233027153822e+40
1,0.48845809135300866,-0.31733702068022984,-0.8843500019371785,1.3845663067363705,-2.62488364329883,-2.001879717583346,0.43127738306698443,-2.9121192567090346,0.10274056484232595,-3.3849243705029717,1.0148772261109871e+40
2,-0.36384410393012356,1.1415448984139078,2.143812946214047,-2.545643826824065,0.002005079489285218,-4.447703831743474,1.6726151165919592,-7.557552757121876,-7.5425477566050505,-4.928642167600319,1.008498453397715e+40
3,-0.3987453828046045,1.3034402384980655,-1.4007877223254765,0.9063169242968125,1.599579681908889,-0.41243980048847806,4.40371461338819,-6.3254826866647775,-8.201792965640273,-0.9168283390754044,1.0055231431406143e+40
4,0.07161945466022343,-0.46323586549116236,0.6109542485874688,-2.436745253926814,-0.42186851151628185,4.075897700008434,-6.608379620292492,3.8432251826830415,3.9084842238451776,1.6117775353930144,1.0149089625549747e+40
5,-0.6072955200918377,-0.073505041917996,-2.008963701085748,-3.25654249161479,1.8721229552054235,-3.2455246792543058,-0.35766608080137696,-3.403967435660553,-2.6602155432891603,3.121940481286134,1.0148989371099752e+40
6,-0.6689601324173958,-0.2175400038306099,1.6915901737398777,-2.4615936792178195,1.3700179288896206,-5.227524076037611,-2.177231091893279,2.6622026428580106,4.959557694213538,6.047254090075971,1.0018031043805034e+40
7,0.053891586738410026,1.0911454346109617,-1.1547308594471344,0.9715475132036858,-2.3242444654312298,0.5714370282943577,-5.198145373958617,-6.763724838622583,-2.4864594529683903,-0.04388954415416784,1.0148716227440308e+40
8,-0.709735895341784,-0.8924961648874351,2.226168058246255,-0.4566937626408526,-0.2984384137345571,-4.498023270739019,-1.2275555683694903,-4.750065819335402,3.081753883732225,-3.5801547926209043,1.0148454411680522e+40
9,0.4443964990227609,1.5194229149860043,-0.6811975590012952,-2.3401020470341267,1.448920488925998,2.6276358376236595,3.350073621374918,7.721501965694103,1.9145094613887546,5.351292120574975,1.0109479287818055e+40
10,0.8118264228369942,0.8106759326117723,-2.3087478879171197,3.453617720393169,-4.7914481862682194,-0.8049189609622668,3.1213049699387048,5.2980116262016885,4.084099738086825,-2.0581685975706643,1.0149012279994647e+40
11,-0.8278478534040441,1.361583644702971,-0.48746266326189025,-1.7924564919413388,-1.402414498273487,4.275635253986983,6.9425004910007155,-4.1473742003316065,7.298005243800268,0.22252142042200954,1.0115047333902802e+40
12,0.4081853125228688,0.9927370876826882,0.1651227588428722,1.928861771242334,4.055037119311883,-1.1500915294676874,1.3604555912423146,-1.0739253904779478,4.81627052628203,1.851327862597322,1.0148597340404169e+40
13,0.6890546362269653,-1.769315883406163,-0.11147851915007903,-2.0084891615260627,-4.25068718811044,-5.654333058366384,2.8432760443181904,-0.7274337323933122,-4.108688929768653,2.851688855239131,1.0148979979878293e+40
14,-0.7969349847385105,-1.626919092679615,-2.693875684647534,-2.3178967827956702,1.6583127037309002,2.4968889870399718,3.150453650850884,6.7477883962748795,-7.757320149715511,5.024466385759517,1.0068912746666724e+40
15,0.5046058364541102,-1.884518088327554,-1.3765555339465871,-3.7245677009017775,2.678859953066918,5.10101736417496,-3.3816763986842027,-6.577423257436935,-4.397130118801767,9.60937347275663,1.2286803356769489e+39
16,-0.5220807569359089,1.0683983806285067,1.9469554904676678,-1.0849942557535575,-4.061302930259985,-3.924612248346466,-3.017067365660606,-2.882831732527947,-5.596074336262433,-0.1696740135187574,1.0146625328427216e+40
17,-0.5390631393997027,-0.5518719182916312,0.5769455160298229,3.167709369948044,-3.1280470067499766,4.116480097640032,5.644414844966273,-3.8963436839364363,-8.822119066056526,9.779749221779142,4.048703483973188e+38
18,0.0069091060642922095,0.780971421728216,0.9082343289983877,3.076073457605491,2.2940520515679816,5.054838227843052,-1.2767844729170548,-7.783376945045832,-6.8991050100328595,-6.569423756559979,9.830739170111571e+39
19,-0.02729120587403685,-1.1768447741579695,1.1671189355081557,-1.4569733594681202,3.909745736255402,0.4415184192944352,-6.785898802396351,6.385278613094122,2.121350429682654,-4.529742282640177,1.0141624298500976e+40
20,0.18143359664458797,-1.6437538298231302,0.6958172136888816,-2.775840274418366,1.1005832084620892,-0.8639814218541905,4.028943105072359,-2.142388713864933,2.576656570709701,-0.2743342855239711,1.0149166145353413e+40
21,0.9431609576919522,-0.14253919848611526,-0.6157400418481699,-2.8078623842310044,-2.8859950183271246,0.34476202669447165,5.902796409242205,-2.0571166618542254,3.6149993344013756,9.367665646295611,2.4495642686338306e+39
22,-0.6344617163285685,0.19502946708312696,2.8447378191206854,2.9543766779225695,4.029144421825977,4.866454023848283,1.9556458322057475,-1.283779341987494,4.69023638907805,7.939314364144844,8.257704726056722e+39
23,-0.7495495426889952,1.2666937627898651,-1.8564392379107781,-1.023808771068282,1.2526530727646805,0.6062274616507816,-4.89211826871592,-7.236123437865061,-6.6344896043342825,7.272932068544096,9.323664119370705e+39
24,-0.8125038051210288,-1.0691587838204655,1.843739449599743,1.235714111518287,4.184853309653169,-5.788723030850717,4.133798159335963,-6.528751350080046,5.048625616620949,2.6155598577911388,1.0147900894875489e+40
25,0.6817912905419994,-1.9271097111952502,0.3448849358845184,-3.0231462606923616,-1.6582608731615491,-0.5448371633058893,-3.5754529088699107,-6.701976270807771,-3.251528272743845,2.3249982001252256,1.0148732889417127e+40
26,-0.6846058941744693,-1.6890853588227261,0.534596253797629,2.937380847685636,-3.982543829331652,3.290853258998294,-3.127571573873098,4.612007276767438,2.837819843786536,3.5828524286724948,1.0148456528544732e+40
27,-0.5905134525518764,-1.947127933761381,1.3883101924572898,0.14435547102859464,-0.4605294819189504,-0.0595548029694694,-4.7129687746274795,-4.246551680962104,5.356337447304288,5.742613393899553,1.0069664929175557e+40
28,-0.7331868668666139,-1.6670736637745904,-1.4604900896597668,3.7639113221277043,-3.559245734660789,0.7084944633920796,2.7686368774451235,1.481569487514272,1.3467121655796954,-7.3550283874616635,9.24407016714148e+39
29,-0.1893221264040891,-0.9163349842121966,-1.5303222823220803,-1.2215986693934417,2.716278487915495,-2.4507450541195226,0.33938074074580044,7.041352639404231,-0.8508930532348389,-0.43993212766795065,1.0148528811303791e+40
30,0.7254401356724866,0.748071283512949,1.8667233207043568,2.6550088806457275,-1.2231109251322758,-4.714560669161365,0.0657984972899155,-4.351389684127905,-7.689037128879513,8.288299017120472,7.268590637609075e+39
31,-0.386718894879332,0.1702634726897405,-1.2172304085552375,1.4719531267464403,4.972214616267362,5.736255102938863,-3.3060185066511707,4.323167778134464,-3.333349819989041,-0.5083905424664521,1.0149147281593353e+40
32,0.22802825045524863,1.8450692222430813,-1.4488058190716075,-2.4023282484753565,-0.9616154475821223,-1.8787675721014918,-6.80826971683622,-7.361572691787125,5.984399522492124,-6.749826414421391,9.75455093144216e+39
33,0.42786773474835227,-1.582574961282625,2.326990018540913,2.535101369688312,-4.655982415608224,-1.9605420499183648,3.8116179979861915,2.8476253958964945,-5.502246152225052,0.6973674227043627,1.0147019302771501e+40
34,0.20466826784271422,-1.2882791292100164,2.1764060715935876,-0.4465109114936535,4.8862772545509765,-1.6189118303657395,-3.1447839326079317,4.296972108601095,0.8079195624693628,-5.294109272017212,1.0114601221098239e+40
35,-0.022166445076055447,-1.469520447524565,2.283246555161768,2.6136644769001767,3.2465644410154546,-2.795798325080788,3.972206426090073,-4.648424063382408,-3.082471332745161,0.021873722237825535,1.0149149056481209e+40
36,-0.9362895991145577,1.976640775888805,-2.726878209273984,-3.7888401967394016,-4.408903848238445,4.02205470069979,-2.5087919303293464,6.788500158787115,5.791793089596488,-9.565978685394072,1.429313099912812e+39
37,0.9964289590101971,1.7856992167271712,2.232729669853205,-3.547919183601127,-2.9712220372468745,2.313388173978495,-5.166157045912431,2.485764423588992,-4.866491122260611,8.841323180724759,5.1631767671762075e+39
38,-0.09417002263692162,0.48356175520438527,0.054487028761548956,-1.1524225634706442,1.8220763229311017,3.8270817881702093,4.262401068286351,0.550531867601368,-5.808013581415469,6.937861337483385,9.635407243157092e+39
39,0.9212107235513407,0.9727519442702535,2.96616852695965,1.4265083566151737,2.8352096059038443,2.5573546618625693,-2.8236859016384024,2.5637806279998614,0.174524712929071,-4.720656218695892,1.0138178865442212e+40
40,0.1369773049997763,0.40424511203203806,0.4342191386191492,-0.13149363921123072,3.5119680626043897,3.4962710764017997,-6.208344575741828,-5.074383093935072,-3.737660939787355,7.8238749985863905,8.50406224135669e+39
41,0.9842059869536391,-1.8040622743198835,0.46317160001235536,1.095495770899061,0.21193388347481662,3.367470291332844,3.4708882290487577,5.2367433650468325,2.1069391310808796,-8.591834422506032,6.245470060003377e+39
42,0.7667033657994082,1.4881275367476574,-0.08577682438863993,-1.9564993691207277,-3.1657692157206765,3.661826420379458,6.29196344419886,6.900740802021029,-6.862313986005385,8.583328635492665,6.259774019898737e+39
43,-0.06047040449401987,0.05548000460718273,2.3911280406217337,-2.2841665035735295,-1.9543391872183205,-0.24157205855918779,1.7961170993495756,2.8523052476182857,7.526848414285142,3.100724647366813,1.0103655032749259e+40
44,0.5404211262198335,-0.9946834483119822,0.7751215266666052,-1.4181712766855927,-1.2603883742760753,0.6470938330448359,-2.1662661542398998,-5.937384950156335,1.199337293791441,-8.359866567606309,7.092554723112083e+39
45,-0.23919368015713147,-1.8658215982251138,-2.5602473965853454,0.5853832450923344,-3.7697806002195353,4.634527086858362,-5.713164650713347,4.5155083852597,6.693106934094548,-8.488814699600137,6.625794778733493e+39
46,0.967011368305122,0.8883061579516154,-2.028480817666486,0.6848677725571284,-0.6544192385762629,4.437994158518137,4.469823096424152,6.604529604355493,-0.24222911901888522,-9.721481452575311,7.543648498810975e+38
47,0.5721309490028706,-1.9653282954376932,-0.9038204732438839,-0.9209523284142417,-1.3081741335232455,-0.29472466313272816,3.8973262091045915,3.420422518322486,2.0447278668742386,7.770196404394816,8.60899232117911e+39
48,0.4014001654880679,1.5578499167584132,-2.962393065295137,1.5082496146465492,4.956972953680845,1.9760098080321533,-4.354292284246357,-2.9969008586985106,0.6005830444306509,-3.0486314043650955,1.0149028340452463e+40
49,0.4330007335960905,1.5402608641282287,1.897158755002849,-2.824568567167265,3.4758734345583893,-1.7092647383353787,6.980039305619286,0.4445503258723345,-4.514506488513044,2.5410693688093,1.0148840591389183e+40
50,-0.8183114968104372,1.8925390581331465,-0.19764205124196232,0.3815451795094953,1.0888803765954216,5.505964944227176,-1.7555926967410904,-2.396448493245326,-5.247077244006782,1.0349148398592343,1.0147829504661547e+40
51,0.3642403617834612,-1.7283491073568176,1.0730750467380046,-2.6966465496611463,0.4459047581164015,4.3558430349088155,-0.10575715059568705,-2.681526181992904,-2.620329935113343,8.417260731928383,6.89731855637188e+39
52,-0.9122069519679414,-1.9076701682795456,1.815467192167287,-2.198351801402594,-0.045784089631147426,-5.072982376407488,6.811604896330509,0.8247666552573187,-1.0767679569554545,-8.923662262550671,4.770342218265495e+39
53,-0.5055856639855985,-1.4145525261967944,-0.3817489867443949,3.60713822457814,-2.177640916784768,-4.036385488322491,2.283040429965218,6.3181292426632165,-6.453386645807011,-8.724261818561288,5.682213279214439e+39
54,0.6500665317548916,-1.1395528336508567,-2.569525900316392,-2.7409113074176688,-0.1212816446141162,1.904634770185142,1.1956556275073922,6.20237150929046,8.280575771645012,-7.625026677749069,8.763765985955205e+39
55,-0.6962144289327108,-1.9777069927820259,-2.796316124600623,1.8964123397663402,-3.581938907941727,-0.6718402536071962,4.531944172511815,1.7218749609882145,2.6197599204929505,-3.015045244557396,1.0149041683538823e+40
56,0.7289679238029454,-0.6362513017358623,2.05764798344135,-0.17001378677488715,3.6142799150506844,4.857112011454992,6.7356586188450445,-3.075504225896122,1.0888177941701949,2.1940654839243754,1.0149156215098917e+40
57,-0.17427736477888447,1.374759873852104,-0.9875530018688368,-1.9228862468793981,-2.268019757509513,-0.018039497957613903,2.7378659751367316,-3.5557383630781363,-3.9932703819875908,5.596543582693825,1.0088882261646834e+40
58,0.08085270529028155,1.7883167562266522,-0.8311581453747312,-1.6306189486081455,4.831598897224301,2.0569856858005333,-1.4433527023109884,-3.2425147137304204,-5.383958729661928,-8.14600024467289,7.739768068519384e+39
59,-0.04385005258742127,-0.5724982088240407,0.13074086595110532,1.7991390190124614,3.7159963823842728,-3.126742151570227,6.044667451773478,-4.093417383372421,-0.42455443585252356,4.128160906922706,1.0146286912662016e+40
60,-0.30488429533604516,0.5449598415767203,-0.15958836253636383,-2.911948474407337,-2.5324249238557024,-1.0841070712134422,-6.647622270048675,6.544229245223817,6.200398125118735,7.666398550422561,8.788344814932657e+39
61,-0.8985108067548707,-1.2296925602956899,2.5768373308027885,2.979922986765918,1.7888826424960138,-1.4313979256890883,-6.048212049600432,5.492063687657964,-7.860073919648714,-3.2500751751081283,1.008239637440455e+40
62,0.6396007437877254,1.0059848817136485,2.697367600262451,-2.1815225272330556,0.6670700640111495,-4.974561358426253,-3.4198439128767872,-6.160859323713769,-4.18201214188764,-6.062838763236606,1.0015079484680494e+40
63,0.06717956784434355,-0.8134653084905006,-1.9977219562049595,2.2658102571327423,4.097278154117041,-1.1270000972246164,-2.414148414188853,-7.084060996396546,-7.1720221016165695,9.044746808171851,4.133946201336364e+39
64,-0.15064355896533865,1.2751304788246207,-0.5558069030177217,-2.9591658982472606,-1.744857570397667,-5.948861325966451,-5.625659836854742,-1.476170945683121,6.643182687345957,6.451767724838235,9.88694330862487e+39
65,-0.7799204618381312,1.5709277659552905,1.0552197494250768,3.4142007050178385,0.9931847066237578,-2.1358960581389006,-0.7373251347100751,-4.465318324860754,6.485233274925275,6.758980086467393,9.744207696127274e+39
66,-0.3005179520052017,-1.3268502713381771,-0.39623853178747426,-3.899665115845303,-4.696059381015032,1.7943306501947873,-1.337176325720163,-4.888550018074593,-6.2094352080597375,-2.206492480136786,1.0142007706426943e+40
67,0.12506446840349023,-0.05532972691979654,-0.9406047773080013,-1.8262499115223947,4.606080524227135,1.0740129534282077,3.219147088217819,-5.743740958778004,-0.909845005174728,-2.7100452132259,1.0149029592245541e+40
68,-0.2712827728113611,-0.11797389723427545,2.646693910453428,3.497615962708009,-2.4060220324653594,-0.6074104207858364,-2.2995522118767147,3.6622951659256606,-1.5720404423200527,8.537185652568372,6.458945925160159e+39
69,0.13099737955035,-1.5435012495257323,-2.39560030379951,1.66046777630744,-3.431214382396118,0.752243997046423,6.316186503729202,2.687455613720644,7.2077975626288815,6.85401116988617,9.666455199195645e+39
70,0.5228989608436712,-0.9769018046086586,0.023143027094572808,1.5493155546106578,-2.775088765937406,-4.815704788074381,5.700681816940412,-0.059423446336058096,2.9812396993807155,-4.78649698579973,1.0136540725890832e+40
71,0.2701415940104346,1.2059640151774749,2.5420610954576,-0.664849822830007,-3.3028309649636114,1.523403458301757,3.4044566525326028,-0.6211247800403592,-4.968290612673433,4.596441173940991,1.0139974636446872e+40
72,0.8663242224257237,1.4228769729362856,2.491131673164835,1.5340204891445617,-2.300652706368817,-3.0230707166349466,1.467150216715,2.285476648089138,0.23230905521664186,7.06563776679981,9.538566989986571e+39
73,-0.5487452710937104,1.7065930734646626,2.8102185776287305,-3.1671071134314417,-4.966054159553295,5.780038739276302,-1.00783344362362,4.416150569910175,-0.5208949531793319,-0.6015577074288534,1.0149160304302712e+40
74,0.09022825172934729,-1.0907418427944384,-2.2478235226439547,1.2983571627447228,3.4245612814317523,-0.7223936064672501,0.8098370440856337,-3.365852436857198,-5.719102400192583,-6.7251135072191595,9.771126305961979e+39
75,0.6994627341548207,0.8661900619965136,1.4911113115705028,2.3653888562543455,3.6423618073611257,5.277369779555679,1.125747512039165,0.030718954320936614,7.841370504383733,2.499986567370067,1.0084015792922237e+40
76,-0.38361050691571785,1.3425921063410966,2.665946056295913,3.8545916194226346,3.316563407510761,-3.6615679634982605,4.8593085687245745,-5.456714597618361,-4.661133271336755,-1.6466618768606256,1.0148699372793209e+40
77,0.3030361688647318,-1.744627747653224,-2.6325791462141264,1.7184115668397197,-4.730944595934594,-4.654085069502275,4.392538049150238,7.399943718548048,0.479566260945835,4.19113472591104,1.0144883058156188e+40
78,-0.43210575146836816,1.7590466685234871,2.7948267881956936,3.216907715327154,-0.6075321794682909,-2.671990479925517,-1.6357658118883622,-5.321064268869418,4.5026766442838495,8.103833866598816,7.854980139814994e+39
79,0.6930431373525548,-0.24058383333072333,2.5669039780483276,2.696173321640281,1.7050443312367938,2.7322449496798944,3.2769442513585294,1.154493115622715,5.168563046125502,-1.8957433189654407,1.0148014572654224e+40
80,-0.21842876605333444,0.3120195620993096,-1.707945735553579,-2.1268808060407483,-0.5691353877518603,0.9751816474801733,0.9109882851533272,-4.193190550974378,1.2492809348380272,-3.1810242567912583,1.0148950962355478e+40
81,0.8744422788682429,-1.3826621992711956,-2.080195279778373,-3.227241382707268,4.649552623585434,-4.855552217876926,4.145199160847704,-7.922191736828937,-3.058911887680707,-5.445197708553626,1.0102065064049356e+40
82,-0.20596991998927683,0.20077113628014426,-0.34268216603090634,-3.4155380408253375,-4.094110778625386,-5.52532913171715,-4.646538877190985,0.1804411794837423,-5.985371004985525,0.8968307961975254,1.014420773604909e+40
83,0.3373909776840466,1.6609121012300558,-1.8164429619231708,2.5686969260269485,1.573812766106665,0.8917676092318503,4.810897277784084,-4.388432459549547,-6.196444425705418,-6.1460769828897845,9.988944155294599e+39
84,0.635946759951458,-0.36308953694304896,-2.511458963265895,0.8088270559782657,1.6917145488639296,-3.8684120387119716,5.585162481125584,-7.9771339064534885,6.956824993341048,-9.353617924246013,2.501564100896664e+39
85,-0.648280453797494,-1.710471174168209,2.6139824197508927,3.470081755230413,-3.360628348456657,4.524132008742242,-4.5321295581222945,2.000904560766025,-8.541183038064448,-2.870722652756044,1.0025852789557331e+40
86,-0.10618655213509726,0.11210484221616057,1.2346748882240168,2.317816290927501,-2.712645820067082,5.384858483839796,5.370996585158612,-0.1710102606713687,-4.570196262876833,3.9319539026729045,1.0147063269310262e+40
87,-0.9214329432146398,-1.1118694921686063,-1.1096379991559546,0.8582479673395098,-1.357164682489534,-4.20625219201638,3.631239732619415,7.656695870672491,7.118000885062907,-6.434846646239349,9.879079433376801e+39
88,-0.08953643154958137,0.5993814605420704,0.7648629362392492,-3.9569980558707916,1.410680523413944,-3.2116603805186577,-4.801104420543426,6.16329744002942,1.8518993164755109,-9.012690124555277,4.3269696165287117e+39
89,0.6064545766668902,0.16359690447688935,0.6137476970322925,-0.2064858783450695,4.398329991480764,4.666074900950187,-1.1275299573684459,6.098880324832982,-7.264023782426363,8.898984831465569,4.857207877755516e+39
90,-0.44227824511919334,0.4186930264546565,-0.15099792349290317,0.7274334189247119,-1.6245309840328321,3.5871562542956816,-2.769182216581297,5.8705242540599585,8.042731489817248,9.946139244548233,9.625364200905855e+37
91,0.28944644068385017,0.24956871475572023,-0.46123754592743005,-0.214546090169769,-4.619243177762888,-1.9161006558822273,-4.831090632563401,1.846016998251309,1.692646937556127,-5.20836342311637,1.011980915669812e+40
92,0.4123871305725394,-0.47394295362479666,0.834221804996488,-0.31932015497743493,-0.4130339295165181,0.8241716015097141,2.2506879265000004,-1.9679493990599035,-0.023096576429109054,-6.2153330761468375,9.977849707181737e+39
93,-0.6571203607592717,1.9296053861074127,2.3452529470984653,-3.659832798877812,-0.8271909759377554,-3.318181176625677,-3.0459234898423353,5.386435325458955,-0.9910946268960736,-3.298310020613065,1.014881210974979e+40
94,0.5779236987069056,-0.6486684396946394,-2.360443461662676,-2.588477362662628,0.14275421303300057,0.29361681534228556,1.8332846422118831,-3.666466786266324,8.667894455911762,-0.11663445986677588,1.0015853364023065e+40
95,0.1926394852828155,-0.0941048934111662,-1.9564153634681656,1.8707036133314003,-1.4606762232095236,-2.2016909121961694,2.577398570750411,3.563946502465616,8.964887695163597,9.50782724588534,1.572181315698995e+39
96,0.8093298979639028,-1.3697491047198824,-2.7908377789730485,-0.5855864648397178,0.8990646299171332,-3.3455277991848624,3.693785299609096,1.0958354068922218,4.997708742677405,-5.5933832827818515,1.0088485724110386e+40
97,0.6605088549633488,-1.510426047185704,0.737634390209558,-2.8725191242553905,0.3058322036260518,-5.333803626809171,3.313340589226018,-3.11492822251774,-3.930153754943834,-7.216491801510845,9.397655522149543e+39
98,0.10468009699872732,0.5018285451885522,0.9842429080522627,-2.531234610309135,2.040277017685096,-0.22611430156147594,4.591529758834969,-1.5258112670901451,-0.6916020685555591,9.721712711160343,7.538446941536665e+38
99,0.7831431141650623,1.831005939762008,1.7673074656478276,3.7546791211100974,-0.34955492249990006,1.4496311647044644,5.0289068989680645,7.820896548994296,0.9003535001972216,-5.015290670310401,1.0127765175149764e+40
100,-0.8824515357881488,1.025175711313356,0.41783459149841695,3.1885458548272556,-3.2288803579550303,2.781512310462313,2.495808397528712,-1.239166680684534,-6.12388937331005,1.9042303049382323,1.0142945410039811e+40
101,-0.5985498707061653,0.23125478749420264,-2.1079979758876215,-0.26715578857980227,-1.07660742081342,1.0253340541451768,1.0847230088953803,-6.984044595221741,-8.485130013420628,7.47674195696254,8.968064457227714e+39
102,0.8344086223619311,-1.4386143626774055,0.07808840810632522,2.4829366070361303,1.933465415030023,-2.618287206784718,4.1937194774779405,0.7226353136581144,8.538864428637073,-5.743957881643061,9.948030959684192e+39
103,-0.15680662958203712,-0.8219580769666432,0.2981132997123994,3.9715726558742688,-0.9959410062496185,-1.2797717198762686,1.5097277941447709,7.264158321125889,1.3790870073860129,-4.294536040235174,1.0144079886421057e+40
104,-0.8754716468740686,-0.38046619914512725,-1.7333588383326255,1.2562437460922107,2.5352863361232227,-4.300026803067307,-2.912729310950309,6.4373479113269,-1.7238646621014717,3.72715144538662,1.0147847212414854e+40
105,-0.5578499205292745,0.6678654828965708,-1.8214960855959286,0.8342897423923554,0.1683033726900926,-0.8469299494467237,-1.9664954632834952,-7.633432690980867,4.611252290291377,0.9774688535902054,1.0147656524728354e+40
106,0.8185442716575685,0.4868407725181286,-2.8632615824716168,-1.591307380758252,-4.841774316143236,0.9140018849534778,6.079452371101457,7.325210305496981,2.9102964855516644,-4.23190027788921,1.0144603208102572e+40
107,-0.7508579953848842,-1.4089361689372304,-2.6613061464999026,-1.6767614693230168,-1.171463469186288,-4.919041151438267,3.0325748237614008,4.875918559392678,6.428551999386649,9.656251046026377,1.0103461358585669e+39
108,0.7984276765153793,-1.2866154435491992,-1.5955464456303998,2.180543324592175,-3.9307903614401964,-2.31938241160468,0.490018314294834,-6.946934640572433,2.336833718677771,0.08250968558399392,1.0148597968445443e+40
109,0.2505157139722782,-1.342582476557853,-1.325762349895492,-0.5183812995108759,4.288072550915546,0.17335467505258995,5.773599902289653,3.057530434142321,-2.08273129533386,4.83329285114124,1.0135255815981754e+40
110,-0.1408117114691111,0.739061248923516,0.0076964623375940225,0.18268187595956822,-3.737772263884775,-5.5934790921506155,6.6689051316323615,-7.479963543137156,4.423164311318272,-2.4246199927766288,1.0147894388009184e+40
111,0.5889278914020296,-1.5197722015751665,2.711673332462541,3.521843485431857,0.7291433513091273,4.944739580502373,0.6048745043641465,-3.752260698595019,5.707097789833652,2.9918347473745692,1.0145958757851135e+40
112,-0.9595577407950591,0.12210486112082174,-0.42862605908978574,-2.097195255465062,3.8961898467299387,-2.3887522444637472,5.085740989667546,-7.289016795602652,3.3179756881723232,-6.471363072910159,9.89234636166688e+39
113,0.9700749055276182,1.9612242388257504,-1.6600539311604523,1.9545059907536086,2.1785401503972674,-3.049695676621194,-4.435880917925951,-3.7902839438762737,-5.926180469275689,-1.7034900778682687,1.01446714607205e+40
114,0.9310528849516916,-1.857223851786233,1.5361138481326335,2.0718955729538173,1.920037092180685,-5.178340657558317,-6.571077964174214,3.119018171774517,4.021547554539711,0.3569828655899895,1.0149068284870971e+40
115,0.1979846501286905,-0.19383999105772148,-0.019887293082367752,-3.9095534615085406,-3.6479403109548683,-3.4641284924638,-1.5514681375106814,7.809248051888797,-7.911284349083115,-7.961106277310871,8.136952575576343e+39
116,0.8615958204027467,1.1356690965195915,0.18774311963472334,-0.892469537012143,0.8403341847896904,-5.8554347954132,5.223697999399372,-2.5075563930918787,7.9575680808331,-4.327888115044683,1.0070826777740694e+40
117,0.6047247744817231,-0.9063901522001409,-1.5609110731186024,-1.7152076638458038,2.594001950771635,0.8157107218947824,-3.6108503965382495,0.2421429032209447,0.9581191524597253,8.764422025806589,5.515550597105772e+39
118,-0.9925206520128528,-0.6908192712174615,-2.8708470571833056,0.41650032264235654,2.967541714735873,2.5085744644655747,1.2763495945163437,-2.221195079786815,8.374182730539138,6.427455321785308,9.801108604539094e+39
119,0.0196191862120925,0.6623781593252792,-2.2842041281276995,2.421491489622479,-1.5369334104494867,2.1424830287438654,2.8937427192102803,-0.4362412236552342,-3.171402200047473,1.20358025000855,1.0149158558560796e+40
120,0.8274117030201297,-1.9100120964842286,-1.9511427761809,2.5789900064232123,4.383401368316241,-3.850522385002088,-5.048318269824902,-6.016601237634963,-8.251071010983948,4.251669333595811,1.004719154124968e+40
121,-0.12707705655157625,1.1895686983561395,1.5193292172157449,-1.261045908525848,-3.512759417659481,-4.1113764716699,-3.4696098923664866,0.8564479788463852,-1.8658325342966597,-1.7878636624696504,1.0149166572651288e+40
122,0.49524666135378653,0.3899123148822417,2.256470902505061,-2.3913144964963813,-0.9332112558252466,0.06793404503035527,-5.137877394783661,-3.4728692924957656,-5.7798744204629315,-4.888511874635273,1.0130078159043911e+40
123,0.47501834124935627,-0.4279761191754298,1.0074173955186656,-1.8960533305259624,2.3844063560618594,-3.5256511377618605,3.8545353055813285,-7.134927429985205,1.445620849862804,5.110417764073734,1.0124171251053792e+40
124,-0.34436642133100687,0.45468613108746,-1.201485951045087,0.6273748784275944,-1.923080384175626,-5.749786133142232,4.687446777476556,-5.974779907917076,-8.34871298504155,-3.480436958178953,1.0041961608846141e+40
125,-0.8614414827148081,1.6218068305970847,-2.22597583858806,-3.9855474020984394,0.2431448544522739,2.011528387697887,-0.29580868589533366,4.241727259567939,-1.7741112591049304,4.7409460362205,1.0137692811154005e+40
126,-0.9057980151474285,0.6139104907439313,-1.5111513211935488,2.2796905203475823,2.558659493251162,-5.394975809765739,0.7082397290584586,3.701953594466365,-7.3490982200303305,9.422249252563159,2.124297443852635e+39
127,-0.04824145818325282,-0.772681593596307,2.604193656705924,0.4911174910617895,1.17468708736173,1.7106716711256564,-6.2692920388789135,0.09499567754030024,-1.534944746927374,5.194783889836044,1.0120561925372226e+40
128,0.8868783403581499,-1.5711849285570891,0.50884122792298,1.8390969470341147,-0.9080922588514747,3.4460586095841172,4.083314226298001,1.2695129252992907,-0.16635282719872108,-9.800759257402271,4.814780525817536e+38
129,0.3842337012253542,1.0511438918100438,2.83848275186047,-2.033135975970984,2.8536542235192623,-1.484813214906965,3.004748937290187,5.089805540679439,8.852816084087358,3.84973935168588,1.0003293194881798e+40
130,0.6218825844937963,-0.20998345971940996,-0.5101631953636988,2.778624656282928,2.6426484206349823,-2.5229350039807734,-5.874527505316843,5.723103997497329,7.396837479589596,6.297276174526832,9.915246153366046e+39
131,0.18333820151657082,-0.5361413019464357,-1.5699013866305094,-3.4716260511094656,3.0829240113114267,-0.3646128953869514,1.2341200434731205,4.044632168793824,-2.949017627461937,-7.118460073591011,9.492146166275716e+39
132,-0.8893360501243375,0.7613787241821295,1.4613932423284903,-3.6712995605727983,-0.5414520931322633,-3.763710241661599,-4.27716536619864,-2.464495710393632,5.404043461647479,-6.84011693724647,9.703998208292682e+39
133,0.7196485639667479,0.003723689897611473,-2.752610372661387,0.15371944625352368,-3.676037973356858,-1.532590387301092,-5.509937653577564,0.7774055748633464,5.606987751601983,-1.0033593306307984,1.014657325626457e+40
134,-0.5348558821318208,0.919751077659581,-1.283893545458223,-1.3056720813618754,3.984619751329179,-1.8210203067631787,5.174380060773132,-3.840876127701268,3.8426641779002537,2.698689610116122,1.0149064451916775e+40
135,0.16320683231742933,1.693428512060997,0.33496417902087305,-0.672813131490624,-0.2165642766663662,0.11224383180177237,6.106397390805137,-2.265651833958399,-3.8046239983037644,5.23087439725853,1.0118459941142174e+40
136,0.11219284152387288,1.1626788216948898,-0.9558194576560496,-0.49334420185179984,-4.5822858883515085,1.2546962086028186,6.490086127516747,-2.790761945898428,3.7661714599717744,-3.722385133378136,1.0148092474598129e+40
137,-0.6427713134877545,1.1164619107130862,0.8488132165948938,-2.5143146633325144,-2.0459362425493883,-0.9860343518139686,6.710252168148557,-0.8474678386753092,3.2248331742551826,2.913869860558628,1.0149063112597951e+40
138,-0.24904104777616853,-0.49732816673188207,2.1875620954072144,1.4094827102768646,-4.164468784673381,3.606202791558105,5.10865057710395,-0.6900633212715546,1.7395952198449125,0.6440943274099953,1.0149166739209882e+40
139,0.29840320529209463,-1.1607801457597111,-2.648479687632242,3.276915546680128,-4.737193077830909,-4.865186371971615,0.006504119454840844,-1.2058681898871042,-6.6840740360571145,-2.3814998665031935,1.0134452957259684e+40
140,0.012240438442995926,-1.8415536394052248,1.1853925662724216,-2.9078805178930107,-2.676389948515846,3.7296015180362407,-4.085334850780551,2.4204947038749522,2.294801995704357,5.45212925916766,1.0102802208083349e+40
141,-0.2016218676299022,-1.6592187093849629,-1.758393122149093,-0.33387151456071806,3.367072663890575,4.487757585613591,-5.021912429050115,-0.20733335066305184,-5.445012784213547,-7.160454900687885,9.451129300262386e+39
142,0.7413548963940919,-1.7167506559747454,1.5843259493526145,2.509883278177178,-2.8497869734450045,3.1674666033153778,-0.028676803767082558,1.6568357921747254,0.020624274270533195,-2.016727429673088,1.0149165069027555e+40
143,-0.2614023023100585,-0.6759844415572976,1.137470613688926,-1.2041547245347424,-3.9555851464698804,3.0201013942074244,-0.20727512539976642,5.807676845318257,6.347847101195794,0.2906526762548333,1.0140189892374475e+40
144,-0.29463786772551226,-1.9853914638407884,-0.8067608015326748,-0.7825276819197742,-1.8749680551492303,-3.5571725563532017,6.606721862723457,4.133519603277663,5.876999213422739,2.086724447970175,1.014501646450706e+40
145,0.9899756208575985,-0.9495545570161052,2.4744715807019992,3.93306640238767,2.239008932381293,2.832323645371953,6.542755667995788,-7.739881303696958,8.50176869649829,4.669076788092118,1.0018131614605221e+40
146,0.11746130842373298,-0.3361287136162166,0.21148403404122768,-3.5987966054528586,-1.1236820444416897,-2.583585304462607,-1.49763350173469,7.123797938626858,-6.536817326330726,-5.515895289739241,1.008456206660864e+40
147,-0.27989260681113765,-0.729253107802779,-0.7809180861729741,0.4444199244292145,-1.1880336818475528,1.3651284772936987,-0.39513799765888885,-1.6268795748079563,2.1912146180138397,-2.275975845926532,1.0149159619092028e+40
148,-0.9875121692138255,-0.18138340282886878,1.6763900781232404,-1.3686686117604578,-4.021321000947119,3.2622126200109727,-5.80426579933752,0.3045277446418112,6.255704147346097,-2.8899591813441456,1.0141403389654952e+40
149,-0.5628568425668183,-0.784638763083267,-0.7263261971855182,-1.2908336660543378,-2.9347086390686936,3.879263871035844,-2.369853820489506,6.04507958903844,5.857168764430876,5.765677055600699,1.0063977553953028e+40
150,0.4518906338731036,0.5715464103553229,-2.049163633895082,-0.7204476972987858,0.3549681644694131,-0.9530397519420113,-6.098952900191317,-1.6911931095597401,-6.304862111660929,-7.885340234156542,8.368442829359843e+39
151,0.7091510751929802,0.696881098897957,2.8859599200973465,-3.4466269055832357,0.2956914681837616,5.477363489534191,6.380473179962026,-0.35666571451538315,4.763816449673958,4.489451097098143,1.0142002150461272e+40
152,0.6686693374936357,-1.601189865413714,1.562295285904747,-1.7338830562879248,2.113508401446378,1.352630333454624,5.861779528068256,-6.643320408613757,6.601173491059221,2.375928098229539,1.0135748792703516e+40
153,-0.22754465953521671,1.2368910058640967,-0.9123565787723585,-3.3070847771784924,0.7781028133538832,3.927328067047777,2.0642104756875477,2.9617600034774956,8.763651175858008,1.5496701657726306,1.0009406071888588e+40
154,0.4846384574628169,-0.7053667392750065,1.7896197236490836,2.908098882026532,-2.8272580172806894,5.240830178575374,6.212892009704805,7.464193319614762,-8.108742528054497,-8.826373997313773,5.146599118905956e+39
155,-0.16530858259713965,0.8243969970006706,-1.7000884910598164,-3.8206606587898113,-4.324964568368837,2.4268072764677187,-4.598082412232387,1.5370535840014616,-4.263255238273069,9.165969983440046,3.52942583530102e+39
156,0.5463326478182433,-0.7890777212315631,-2.1298513388286393,3.319226828670769,0.5461009078960533,-2.147967743912751,3.761263623093769,-0.10041908746907101,1.5227682139506564,1.7313576091394967,1.014916678005274e+40
157,0.53209044293221,-0.5818550511575291,-2.9819982541721437,0.05138776404747502,-1.3794881366158247,-0.728816711044818,-0.8131184358391343,-3.998326600528412,-8.154077432285488,0.5421403683038533,1.005954754098488e+40
158,-0.03376070542084413,0.2988848614119847,1.2633469136002855,-3.516313785407816,-1.498348754011318,-4.083830013435866,2.4668766034448764,-5.217504891271305,-7.380420323362802,0.5086459704061179,1.0111279110876254e+40
159,0.419203841828912,0.5183663375909257,0.1493233758167292,-3.4928856983030876,1.9900588036122877,5.560880039965042,-2.4462190843050706,-2.33450227806458,-2.3934169541081194,-7.461834606268771,9.107550423840441e+39
160,-0.48705242985740305,0.8969044809908924,-2.8232140251552336,1.355106636624159,0.7112875033178787,-4.500925496577523,-6.331199143653981,1.0636204589859113,-5.539435967972241,9.31023101061634,2.7546736120314807e+39
161,0.03770801794314673,0.0836567484493227,1.9721843172337687,0.2780425817505533,-1.8458647324227708,-1.7366234629221498,0.2896514569378048,-6.805271505768559,-6.402931423674277,-0.34667679323650435,1.0139037978877207e+40
162,-0.3275377881097664,-0.5941633205735448,2.763599831819664,2.437344195682561,-3.794066440610738,-3.9754937559959886,2.1161235381915464,-5.6567315936750715,6.278513424095028,-7.016127166339755,9.571376976398912e+39
163,-0.3345348868125509,-1.0577644758626592,0.11290090463284809,2.035080864573065,4.504034174438925,-3.4384496307959056,0.7710890904677434,-4.808993459780326,1.7899856033345385,-5.9364655591620545,1.0040726426963761e+40
164,-0.7415729883130845,0.1486939846189355,1.1235779780107122,-0.7389877761646341,3.529406905608168,3.212022070011977,-6.930869859349656,1.7861609641713052,8.629656708915704,-1.0944634878748731,1.0018729901688026e+40
165,-0.2573647205006788,-0.7150680889297639,1.3651390319090275,1.0504915644284867,-4.849951771797273,3.333426015044103,-4.458732932444112,-0.952138311464383,-5.023788344284342,-7.706555586984516,8.725042685172483e+39
166,-0.9296647718415663,-1.2460538455425567,-0.12272686619377855,0.5491799366887499,2.9251870127004573,3.7038591739121554,0.4131225393228692,0.6573293870821855,6.919397896391721,-2.5288580633469246,1.0128581509430319e+40
167,-0.8376695835389103,-1.555422591323174,-0.2579391133218094,-1.7822496720295362,-2.554021239279457,5.448055817970381,-5.393423397326499,1.0135544834845969,-1.3849293974182002,8.951153961045359,4.63535231215148e+39
168,0.3156725938086875,-0.8751123411937765,-2.7381973071906334,1.0821319552585749,-3.036704746329585,5.823674191395172,-2.7353717428608855,1.9600723664007016,-8.890510089453212,-9.50140879310391,1.606376712075234e+39
169,-0.7658324139250292,0.02561671619186085,-1.0179531742190626,-0.2873846296206531,-0.7869743204001363,-1.3460078295149889,1.8922139921826244,7.339737792575595,8.129918568265524,-1.5398587915188768,1.0060665020648979e+40
170,0.6142208546821846,-0.0837580235976476,1.7463604380854671,-2.6246961923360175,-2.2149356737733745,1.8493158569188646,-4.050341741248792,4.6923270005701205,-0.08298488262641811,-8.244464896845932,7.457938357561752e+39
171,0.9495829048477002,0.862384286806256,-0.23747797585105962,0.9601886203308265,4.225476755319948,5.349349092465339,-3.9798476592440295,-7.834912116873545,7.690486671823204,3.6770145843323663,1.0091985444465376e+40
172,-0.509652365995789,1.090746587989097,0.47798017589076314,-3.1196007771355942,1.3493761859380302,-1.2584576918524535,-0.5042064827851409,3.2859662741538065,4.8922999874582676,6.6303868159585475,9.82278618548855e+39
173,-0.4692879978915503,-0.12635667379910276,2.1241614453649733,-2.2204134624114156,-4.22107741578376,-1.1918782908790804,-3.7826385076262437,3.164145885292776,-7.007159817831891,-5.088700447074924,1.0102694481152157e+40
174,-0.42534178294422453,-1.2020544544771816,1.8221539299584215,3.95610944823476,-2.5827144909431574,-5.104747522894636,-6.8816251413828535,-0.5543731548107551,0.8759991809548928,0.7841510703188832,1.0149161086594449e+40
175,-0.9711626174449522,0.2233766619100212,1.4206682148040735,1.5813912112862156,4.714787545989297,5.044282021722585,-0.12390130183184853,2.9711701564182076,-0.5554471923853876,-3.5121995610407035,1.0148595922116089e+40
176,0.23750369168128638,-0.9596142838354369,-1.3514134823788995,-3.740631946769178,-2.032583684497874,0.22888389774395554,6.425971891786373,5.910715570726369,-8.628092880666738,-0.6738771578968638,1.0018788664272032e+40
177,0.879006605463602,-1.470976332610948,-2.1955033136523503,3.796574721242397,3.1660286383193714,-0.17127296422032817,-3.5071848421505076,3.6061173310444525,-0.3298053629315049,-3.8272101543444004,1.01478179003978e+40
178,-0.7045185557460225,-0.28937105440699235,-2.144943529183529,-0.8255944919233673,-0.7434914951205789,-2.75720719949678,-4.738657228843182,-7.155156844109436,-8.971163451449478,6.277777150418359,9.811599906655519e+39
179,-0.0828049445627715,1.4300926422057636,1.0297773353732989,3.666373759587635,-4.94624698219108,-5.443941680309882,-0.6522994649774374,-1.402233583826295,0.45565950875495187,4.072667868301211,1.0146656599481651e+40
180,0.2493103070267534,-0.36597694381248436,-2.3718537964242192,0.07114125792859834,-4.541569217596914,1.456671802201308,2.9284368267876797,7.210589455260401,-1.48827833797898,3.2248827501786623,1.0148149523813889e+40
181,0.1729547312628879,-0.4512903815165442,1.0961316248015387,3.8217340214839606,3.141257191631943,1.6374890574070942,-5.309147413713049,1.3913660286451703,-2.784834620460717,-9.228780575020727,3.1943228394318496e+39
182,-0.11678181209906101,1.7423501680260076,0.39791591341867766,-0.9817408393575633,-4.43595306036774,-0.3511647142775997,-2.6826688984414977,-5.006252232580175,3.3666816937558233,8.709526032497537,5.756786067916873e+39
183,-0.4225699819828745,0.7012750110750487,-0.31755132855852586,-0.6223452685141871,-2.4499939328804397,2.8715855743569114,-3.260527277403698,-6.212221293755598,3.5113016970429394,1.5139782892174254,1.0148939584977881e+40
184,-0.1289140529629125,-1.0270035242766054,2.020118451563003,-2.710010794650103,0.3873016152544804,4.404624079021899,2.4386875589126866,5.417420348080708,6.854360687482364,-9.253543918528475,3.042643614806803e+39
185,0.3891964539320018,-1.0970524268140163,-0.8448471583075593,0.5414830005207952,-3.074498818702014,-2.2716385958431227,-3.9282680104126353,6.650384661484856,-7.035154518182326,-0.8865693836651259,1.012467948454167e+40
186,-0.17123946617084684,-0.27490549552021426,0.5657627773950561,-1.974880413547524,-0.1678508319986683,-5.498041124798253,-1.2036494282707761,3.8015444631507584,0.7486142491704879,3.5004741241661135,1.0148613275769274e+40
187,0.7566634782521721,0.06196154311319525,-1.655206803466188,-1.049471892097885,3.2139590206415756,1.1920144673893367,1.5793858954931708,6.274980270001457,-1.6833114293563556,1.2981175844973851,1.0148943168872535e+40
188,-0.450562230050659,-1.4895552911729364,1.608660233413039,2.8505077652693243,1.169964053894433,4.248742600279597,0.647747604970927,-4.965015522293137,-2.1431695139565523,3.2896263725023536,1.0148847867139612e+40
189,-0.0741144533445289,0.4369151154232899,-1.236233653749638,-0.38764533390274103,3.9456998145222326,5.6631059412617475,1.5916167074057186,-3.3274411979244793,-2.2925968472619074,-5.796048598313437,1.0063773968326486e+40
190,0.9019673578552233,-1.4543644782591276,-0.7673750638583773,1.1778128176077498,4.665556606539047,2.6716073138636527,-6.706509673315232,-6.365558380575165,-3.681026084771559,9.893700109008401,2.5159785213557544e+38
191,-0.3772841445430709,0.26485755400218197,-2.9471426507342846,1.0030869821263688,-3.8488475644149993,2.9161129877700023,6.15892274884441,-0.5117781160331754,3.5940157424749213,7.362187892784849,9.235399459191491e+39
192,-0.9425243011241431,-0.1570183871069599,-0.45156075121143996,2.74177870371658,2.436721153229203,4.994634573518645,2.1362639785977113,-1.3592210172026546,5.299625659128424,-8.291660097677646,7.311476692456533e+39
193,-0.012141545325491117,1.3232524745099328,1.3128973134527024,-3.137181896963594,2.339083173643629,-5.682886703089728,-0.5362109607914796,5.62101003419032,3.45669043321828,1.3855168668264533,1.0149069731523778e+40
194,-0.49415885236807566,1.6189338491887784,-0.7384020207672897,-3.336427774743243,4.512661662545548,-4.155559551910611,-6.456147880016402,2.3132562214489454,7.258624577582771,7.960020518866865,8.178491791254852e+39
195,0.5650025361097788,-0.7472473081577191,0.28320761960216445,-3.775811146036717,0.6089386463083668,-2.288465502770743,-2.5731467575067883,4.4294840095453765,3.6976975986153935,-4.029718394364268,1.0146861426700368e+40
196,-0.0680622207172856,0.03934589174354236,1.339823804424119,2.1053097258070643,1.0503577065928262,-5.588422229640637,-0.8657784801174966,3.3454995354815984,-4.054086586923512,-1.253424848984625,1.0149065203151818e+40
197,0.34359291495387423,1.5784796921421105,-1.9093571788690527,-0.39422858398365046,-3.1837559803778457,-3.7158918433547496,-5.920816129982949,-5.847041019115972,-6.756554481048223,-2.6071108998583825,1.0132694871971726e+40
198,-0.35287092182439483,0.36920400520474017,2.4187881930782646,3.0201344134588717,-4.475993151191683,-4.352189705981918,2.607677402476202,5.101492159613493,0.6787954168293933,5.909199758748741,1.0045578864899116e+40
199,0.6584127275370798,-0.6546853306916971,-1.6255056943926796,-1.5431417349177394,-4.177053250189262,2.980461319045248,-3.7281735162229914,5.027452688751332,6.770674558186777,8.33391233238013,7.161319153965981e+39
200,0.04061118181437455,-0.5025476281884478,2.5180316712179636,0.7798041405017491,-0.8421092055663965,3.9875609879076857,4.651129405824267,-1.8920178000875385,-7.785293852466561,-4.669365987883666,1.0078112905761962e+40
201,0.9105475643210913,1.219369305172441,-2.2550279556211095,1.767801934526997,-3.4032842370780987,2.103151504025497,0.2198278800591844,-2.0725504686615452,7.034967831323682,5.502391162012044,1.0074246904396812e+40
202,0.9602335942231839,-1.2586428995684484,-0.21102984581450607,2.022534536025068,3.7778729068591197,-4.609285066357282,0.19276681483386124,-5.627004983562923,-5.144313476477237,7.169482089442079,9.443224830806706e+39
203,-0.31326154731630024,-0.6066474675386405,-2.4402318736285746,0.2556023669639871,1.3045446822570983,-3.635962425825949,1.4239543255858809,-5.173493999162467,7.584349342871317,3.437302268116759,1.0100092787790441e+40
204,-0.41139649707304005,0.6238218977500649,1.4405865417635397,-2.0900065505728374,4.258069022981653,5.162060495439665,2.349868608674088,5.53511853570569,8.918317996449694,-1.390451172659251,1.0002392354619915e+40
205,0.323190609404679,0.6451475112182042,-0.583700712115234,-3.628554245649315,2.423988976663909,1.310714967634653,-1.8663352737705738,2.1103678740131255,-2.035507881220752,-1.4492720882788206,1.0149167105764925e+40
206,0.7604152946914318,1.748285024466408,-2.5423062043445994,3.6055126112261005,4.748373630270982,3.09938373679293,2.2098871541305574,3.2225277139134105,7.819384667941952,-7.8412602056816345,8.40532984072494e+39
207,-0.5259563648981546,1.6027916188540205,-0.024644195953883848,1.2051934288457633,4.146542061796108,2.391446022764395,4.901564429702346,-7.448981509561407,1.140949746673702,8.231977607652656,7.494334159610131e+39
208,-0.6654853548426899,0.44446662634590584,0.7207299018822526,-0.8025733576127836,-3.019227953070159,-4.548586048692886,-4.978319278662814,-0.26788824644420417,-3.5640621420508656,-0.8314470903240964,1.0149138852547456e+40
209,0.35778163402342944,0.9425575175931846,-1.8865899403337671,1.7530396926408458,-1.5700460737431559,-4.736353863442179,-1.0063336739866484,1.2769423120278696,-2.52328406449527,-3.9640802304852523,1.0147250238474635e+40
210,0.5106563387540638,-0.4172853829437039,1.9271015847731559,-3.368473260122538,-4.3933966387667,3.7880193843383667,-1.8492583810621375,-7.689432431565677,-1.2682831162322958,4.4378405380260695,1.0142055853823026e+40
211,0.030097378202535982,0.9280263166666045,-2.160680436734324,1.3219027816830975,-2.1443711587455967,1.9264198966956791,-0.599662333350828,-1.856896369515098,1.6293885732317366,-8.47653787758509,6.685773618631573e+39
212,-0.8520665920754996,-0.3290630787634701,-1.7859654547892903,3.697771171542981,0.9718059258189518,-1.6583722138309474,-3.86974668879268,2.433742835224804,6.100358144595301,-4.125360370187357,1.0140321325314254e+40
213,-0.5685747510816237,-1.195762294598414,-0.32518561295782344,-0.9446500279564966,0.9360629566039821,3.0779790671051863,1.0313524813316284,-3.5789912044002126,-3.3821878916414043,-0.6891986225981511,1.0149149842632112e+40
214,0.8974802048158922,0.5757957582977181,-2.8884305314396705,-1.5011448431428493,1.5040501732888834,-5.014224452142507,-3.676557185654776,5.696185584637803,-8.728209499652534,-7.572775336073017,8.8096404931762e+39
215,0.2799203542801467,-1.3114815841774217,-2.4703818490555736,2.146488389268706,3.8500998578031553,4.1966788795908245,5.2579835257553,1.9000700692852959,4.256967595575596,-9.671985716810287,9.532821746890413e+38
216,0.5533298829938161,-0.39759804661996695,2.1131185611697525,3.563624351591339,0.460613773595705,-2.8508105330934486,-1.9203827588734175,-6.44143455402216,-2.334158086382204,1.8044153199291766,1.014887921400156e+40
217,-0.40155057991579807,1.386959661239031,-0.699461707624635,2.35456862147464,-4.317003920498808,0.5453681682940665,6.893543180095354,4.57239318323601,-0.7707295505114315,1.27851692151245,1.0149151155996333e+40
218,0.7450732016680919,1.4713690711991576,2.736327027041967,-2.6489865083974444,3.5767464869341214,5.887421810555267,1.9700084991724058,4.1136191335673535,6.049106722301069,0.3962907191028941,1.0143653094407747e+40
219,-0.9490637318139816,1.994577508379086,2.0858271744773917,1.1502071503436757,3.8133657820369873,3.5257027142393014,0.971114539068594,0.25071526865732774,-5.273785306337195,-1.1533786346627457,1.0147760013966448e+40
220,-0.1928378126625918,0.557933891199727,-0.27618776847425286,0.2150520709500542,0.8102246627967065,1.1359928451329624,-1.3899707842932345,-5.797735584267798,-0.6192318955539949,-6.935794093933879,9.640480426968528e+39
221,-0.28731977673696024,-0.8592252629001421,1.6578635124843621,-2.255082289205819,-0.7063781757785628,-4.373556884064937,-2.2543322934725345,3.5151385142464524,-6.576882959314961,-3.895647768137076,1.0134999906083698e+40
222,0.8516644671780793,1.6813245884890333,1.3460392537384531,2.8252151441039652,0.09208203540233613,4.728260233115898,5.821982262261499,3.946737340619945,2.468672100193094,6.718710631087458,9.777798289089343e+39
223,0.28055198821802807,1.4477680558278472,-1.0526879962457412,0.6444330145495558,-1.6918706462210333,5.941386395770026,-6.001115561443987,-2.7362675945611574,-1.9427315732219315,-9.016997359775985,4.305290153895807e+39
224,0.5197630178988165,1.1804726464399695,0.27213696687614475,-3.0585587181903766,2.05033032088533,-1.5787964549496172,0.563154099088867,-5.36302240622074,8.105082427626215,-1.8578048267902618,1.0063576783802375e+40
225,-0.6271592655759148,1.399766170266409,1.992896835651012,-0.009899349851621365,4.31922997950304,-0.49180259549776906,-0.7794668999144365,7.911528096045689,-8.69385638899946,-7.776598502098759,8.460363767460182e+39
226,-0.8075675352049603,-1.2162809065655864,2.916657376640652,0.3323370811506951,2.73379745784642,-2.9793968252344136,-6.975500683778908,0.5049042840156419,-2.9127512399860906,-5.8464132258510135,1.0056065553109275e+40
227,0.2638572575814222,0.33385835139415887,0.6405977572637542,-1.0993205978639662,-2.7528103682828187,1.5611840672446609,-4.235809028995829,7.63447624912595,-1.1166499054772203,4.856144114435642,1.0133442169893074e+40
228,0.32929390891700455,0.7237278525530114,2.9043172714693344,-0.09961211305443693,-2.0058769081016985,-2.049486750259194,-5.432694791604593,-1.0969939756556113,3.1913324065765964,-1.3025352265190107,1.0149157004205222e+40
229,0.3541846370070585,0.9628131270677427,-2.4210558799669317,0.33433965834854595,-0.30578663087671937,-2.473863544656451,4.9815935186778795,-4.059601497773947,-7.490503230491722,-4.581095923254143,1.0097649320285045e+40
230,-0.7878016693092175,1.9001288640389977,0.6694554762699281,0.9345614280191732,4.795406929511876,-2.6873771192648244,-1.6811050041963895,-1.7116762561618446,-6.020155852172805,-5.363963550905958,1.010451805420892e+40
231,-0.963523687051189,0.28316473669761055,-1.259907320988933,-3.2051164465320015,2.8871088647747043,4.815392797722506,-2.960286624138913,5.960089692712548,0.2935524227845609,-5.985337867651208,1.0031369620174612e+40
232,0.937504351044743,-1.3507873911762265,0.8079409439823765,-2.9877875423646563,3.393853076243224,-2.910665811744326,0.15017483757378008,-0.4170293559984998,5.182653992034466,-5.640446571989009,1.0082902711542851e+40
233,-0.7637179229957002,1.805924299317404,0.9740878669736149,-0.5748182076992938,-2.1071240523875483,-5.286071810166142,-0.2180585517790069,2.205251696285981,-1.3129181469082645,-8.637912460673068,6.05888179349988e+39
234,0.8456152572930311,0.8401868286359355,0.9176583846272464,-1.8587749949752457,-3.8875597978976892,-0.12589419801562715,1.7388285305581312,-6.120950347575386,3.0543971638407537,2.0168846894507837,1.0148982641723541e+40
235,0.22264031992464345,-1.1361595193893308,2.3756406572038355,3.0485359722860648,4.452793411973115,-0.5480725826694974,-1.0894551958797876,-3.1654121539915057,-7.120521106877014,6.974745913281479,9.584657295220001e+39
236,-0.10499807045970774,-0.268139772320042,-1.4785999657887574,-0.09039813604735972,-3.6132515977978517,-1.0322315501858252,5.349360517154494,2.147503756387658,8.40098537665616,3.392110251884661,1.0037564175404724e+40
237,-0.22370653148117436,-0.25411088602511966,2.439177267516974,1.976109330796666,2.4998274632906616,0.3829576233377596,-4.306471179402501,7.5644062596542865,-1.1706862764927428,-4.397841665435076,1.0142669892356188e+40
238,-0.5817010727667671,-1.6151771418228167,-2.9127981783734667,3.108801331932227,-2.358421493400443,2.715918077945776,-5.983234377301136,-4.590369478437679,-4.432174778706202,-3.6997731791217614,1.0147945725055062e+40
239,0.15475717065081523,0.3258571406277715,-1.4260139278157973,-0.03917095075924941,1.2211921589494052,2.2313411772916067,5.519598152044023,1.5987719288891586,-0.3699651941825744,7.627592177741929,8.860374967767673e+39
240,-0.6186495817160835,0.09553988133983111,0.24805588066999568,2.7233977124845015,-1.7305607385506514,0.01802181145019005,4.324967926961818,-2.6332939371402384,5.4598570701712585,4.969789516768836,1.0128803307209204e+40
241,0.09239438825789903,1.2561409296784576,-1.076337395247952,3.8915529978309262,4.900956341422503,0.2045426094614996,-6.410126118441298,-4.674120649819743,-3.8673116267106464,-6.611422367089598,9.832495269942081e+39
242,-0.005006624293275385,1.8543814648127406,-1.1651713708865694,2.2183816687888016,3.0576467267465013,-5.195180132965746,-5.738426945808209,6.999310438724266,-8.40895758579358,5.611500704335535,9.974884990118288e+39
243,-0.4816012060396367,-1.797064115479876,0.36389467836008005,-1.5664461499535232,2.2322131570849684,5.200971029840934,-2.0215263395969894,-6.273722886486211,-3.4531536735102932,2.209921327072793,1.014891779255701e+40
244,-0.7238216156460664,1.5081175089933345,-1.3148215234115441,3.2714240741816365,-1.7871810411447475,4.585840800733872,2.670960701006376,1.4404459185369063,-3.4791265489482055,9.223428987204056,3.222978895816996e+39
245,-0.9805874462724286,-0.523611602164915,-2.6039683644982636,1.672555384921381,0.577406486283104,1.137913141377433,5.444713154171493,4.826360675336113,-4.731824570475929,-9.100062188639807,3.8764745976218054e+39
246,-0.3240355067002329,-0.8460357901374046,-1.0335661552053987,-1.4415044984425207,1.5387074618614327,4.137366123590751,-3.2072052413297034,0.927632763753832,-4.324711559590744,-9.440911634271242,2.0628454819971882e+39
247,0.4585448483109589,-1.0315630818375432,-2.3197316320011936,3.3508147678709648,-0.24158784656134769,-3.1582348708577905,-6.488839596305445,-5.1289284061344915,-4.783202008053802,7.237123376358523,9.375839383094384e+39
248,0.7909018708277831,1.4692525916237242,2.295467737298416,-1.1499829321139865,2.1290083780465583,1.7300073751112235,-4.153098652143673,-4.512907600943404,-2.8298470270542486,-9.901852300110972,2.3737368963876447e+38
249,0.4650293802493129,-0.032456481541380255,-0.5403739615085444,-0.8666304089825796,-2.4660593364649297,5.982678325532143,3.548708964220448,0.3720696659774283,5.5868786920220606,3.970027373001879,1.014472034505771e+40
250,0.21941398472661713,1.2934353733995922,1.631714544700074,3.692878914156866,1.7730280516238794,5.619078192473103,5.471111824992915,-2.577113115001186,-8.037246500510252,6.570633752159521,9.771466910687758e+39
251,-0.8691061158795516,1.646528437375999,-0.05391284466923098,-1.6581733410326953,-0.5006419067314297,5.701689384434522,-0.44054609078522466,4.771153281544926,8.23162374303727,8.16334273773453,7.597051305779872e+39
252,-0.47632533552127476,1.8651879546570773,0.8829191024389327,-3.0681063735395964,2.767407558047095,-5.9837593395364195,-5.591045916365985,-5.429625425579453,0.36097359691905684,-8.040463272167958,8.018036870681086e+39
253,0.048917468619709366,-1.8283282494453528,1.2839501030439187,-3.8511512798587657,-0.011647153810155504,-1.817533711091414,3.605817507491332,4.950089569908347,-5.054202178069081,-2.150153044537788,1.0148220741560692e+40
254,0.5953799823084898,1.9220279834165181,2.0383580522567315,2.2048151905456286,-3.4686760687680334,2.19768646616639,-5.547685142137709,-0.852059370090067,-7.57858112875841,7.569953403605453,8.903279981002959e+39
255,-0.7148285440774373,1.0342086670664348,-2.4961066943814925,2.7948019655934253,3.678131883395921,-4.257651650954513,-5.254420651935756,-5.55230308404437,4.444778616118155,6.19328428690249,9.983482280032569e+39
256,-0.6773565813084284,1.7247834391489634,-0.6050605057298899,-1.3511051602333186,-3.285959023942838,-3.812137862287277,5.985330390276409,-1.0267217410423815,7.452090034741264,2.750378375372695,1.0107719322323175e+40
257,0.3735364439397967,-0.9246533036903749,2.9834422039082726,0.10341878930475237,-1.0576387062415102,1.6040182852499048,-2.6085654251019252,-6.877545287262274,4.165043915906797,-9.995931112824191,1.486776313131453e+38
258,0.15047772601290776,-0.027926809200322616,-1.1303739182612913,0.478440256640813,-4.90474394129806,2.329850650508639,-3.9037725325525376,7.952459258602667,-2.229434371161216,6.127002456557168,9.999286459861755e+39
259,-0.5921301193243532,-1.7745573150016933,2.951816516342553,0.7170471181283526,3.2848539216678714,-1.3985264413386902,0.8955621779149493,5.176076144098883,2.43839093897439,4.389160478759157,1.0143826453708775e+40
260,0.7747428069192589,-1.0149535489256358,-1.8727438951289201,0.0074742829823629744,0.5251494894420343,-2.873611472869104,-6.181747369732121,6.955086678200859,7.755072174815912,-6.324401453536281,9.885696963665498e+39
261,-0.36053034380514754,0.790666892354521,-0.6496459380961416,3.388758873221021,3.0237078036532,4.721810786330405,-0.9531549114270259,2.7672399606950457,4.09485669068464,-2.787452608200875,1.0148998193115804e+40
262,-0.46101125879408933,1.9449666019674554,1.2255998395834555,1.627958461934842,4.554406420159847,-3.365439466401297,4.771385658117063,3.9339892822904368,4.3345825268503475,1.0861281591273533,1.014896631532315e+40
263,-0.8454077896761767,0.3592375382980905,1.720290556786201,3.141426085332463,-0.07821161700333534,0.4735955013788896,-1.7239137933889523,6.699080004017654,2.6689641636435546,-7.306070861324516,9.300832353256479e+39
