,0,1,2,3,4,5,6,7,8,9,10,11,12,13
0,0.016091810258528103,0.7642448085962639,-2.1764627399511474,0.5482684916892593,-2.7560629962217513,4.155658638742922,-4.080174436075366,0.778429298213489,1.4067051969804252,2.3787703002729366,0.4438747066161509,-3.5419808044976824,4.948220073159858,225.47750367424794
1,-1.1297122642268114,4.985626217542303,3.1959227236125267,0.6285254844763665,-1.4559281436206275,-2.0688700376193303,0.9810785813209808,-3.857398969271353,-2.0056237420236895,2.9993339227793694,4.266827306196686,-0.03912375172732311,3.515039598429541,185.00865972287434
2,3.168473081151041,4.854955196340297,-1.9677428037375582,-1.6914109029723647,-3.4225193724581677,-0.061608757273593315,2.303444720614654,-2.970781975819783,1.6052462527739881,0.5347003849958417,-1.3391995656778697,1.4674842695318047,0.374211846462077,218.7568909717126
3,4.811286078342856,1.842657868667803,0.7395521956008135,3.365335458563847,2.668988986662666,3.498470084004808,1.864410926696714,-3.529827118102157,4.1981818611747315,3.828469374051787,3.4171321459865442,-4.600771755780563,-0.042969612334730685,284.1518097477982
4,0.9832385949705242,-3.6837484171913455,-0.9133044151447507,-2.24690417361666,-2.961969262793419,0.12881185189052471,-2.5585974044396367,-3.4510999772275754,3.7792728373492936,2.754628474876299,0.39339163924579157,3.210941047074325,-3.671073241906379,219.1243662753917
5,-0.8597270859442067,4.7277908081378035,4.265617129517262,-0.4495301755192124,3.7762676575741856,1.9622503357616454,2.74003435610794,4.340765629427916,-0.27574196980033805,-1.3641156551512639,-2.831552954141099,3.704407432725526,1.9179950720307088,240.8806658020273
6,2.2733270067430915,-5.031049232026804,-0.8378510518615974,4.524732066406471,-4.565541875613983,2.888160048656784,-1.1859777350090608,-4.701460430207216,0.8500875969103009,-1.6026071809669522,-4.9648796432174995,-4.734177899515989,-3.5572768674614865,296.9697766643638
7,-2.861469535422046,-2.905762856408834,-4.304060351723814,4.995551902994717,3.368160099016693,1.9447396754740967,1.487009078475826,2.3601576166520504,2.338186122270572,0.31866640837581495,-4.753635126772668,-1.2428053193523863,1.1972217440305453,241.9701128491314
8,3.3754035909218687,4.659624162895824,-4.549167893695434,2.08629190213233,4.477593020267096,4.89323321702666,3.065231148280666,-4.338243767813467,3.3121843303831753,3.3667527909628454,-4.302797869669449,-1.9346283360614454,-2.405249514151142,335.17027682858236
9,2.6332250750944763,-2.27103598302465,3.1354437396428456,1.7885310151768397,-4.533496604164975,-3.5882664549999195,1.5892952605036088,-0.9615826407717478,2.75504081436251,-3.4763778301244646,-0.8986628725394985,-0.7705987397762761,1.0323734352686882,220.65313010633503
10,-3.7967815280987085,4.750188014468101,-2.6825443581739608,-3.0894420104383458,-1.390577208376072,2.059397348107221,4.546261290091476,-2.4660233255008484,-0.19277732478877593,2.2558733801916344,2.0844476385131103,3.1626983131874615,0.5438503982321736,239.5601851838153
11,2.149774093662813,1.1281211383131997,3.9656803497779274,-4.120734935462686,-4.847623473582381,3.6516974055623885,-2.122586933952264,1.7124527833017702,0.6385094997886127,0.05696610234620226,0.5778511881037521,-1.4897979727522617,5.0297185135608045,212.54430860817268
12,0.25961261590270257,-2.746891124211668,1.8426169965833938,3.673903656756825,0.7226698414232315,3.3323366395621767,-4.678006731205281,2.2368252769701873,4.125761568287323,1.8453186074246934,3.4121246845098403,-3.597545423612634,4.332151470143338,275.8560905666884
13,4.203133605655153,2.4212662635376234,0.01283426682660783,3.1476296733002376,-3.534907156923788,-1.0743238658946936,-3.0835566131906162,-3.4037858930642906,-4.754947682327569,-2.629515174464633,4.727116643539784,2.564667632861001,1.1431176811691663,259.2267983773117
14,0.18826802164102288,0.9829824658422948,4.4757921787716946,1.5504340892653121,-1.7078706691208918,1.1625817168122308,4.700810943408416,1.0801763651751384,-3.402336037476636,2.5511873332854296,-3.857031622887961,0.2801106964459643,1.004424969063462,215.67860049706164
15,-2.106475478151213,-2.157991300758276,-2.3170901629657266,-3.9020983869346466,-0.10774408729933901,4.01587823739413,0.11420486713181402,1.8976365360504943,3.7203279112467853,-1.3814973193500186,1.4768518459880604,3.0198208270334415,2.657911912184835,177.53933159857297
16,1.9397022048253527,4.591726537258683,-3.902970643060224,1.4571419655353481,4.492356522793675,-2.885615181756139,-0.3632356678855776,2.492335738029993,4.472883206620906,-0.053667870525729154,0.22579674770638863,0.1438296487761537,-5.094827367415987,257.0474131039883
17,-3.201383584223931,-3.63477657214678,-0.18813926377828402,1.0242269744567454,-0.38321752954576715,-1.6621645929745548,1.110760464372979,0.9597139551986447,3.204854708864879,2.441324453181124,2.944156191046826,-1.0703914026693337,-1.1969471906126632,157.17170566927152
18,-0.31870978446705855,1.246988759013365,-0.29060342657716426,3.607870532722997,0.8290412614714088,-3.6901227858358205,-1.6411250173992877,2.4316016537691145,-2.914410382271752,-0.23308960059263828,-4.147328665161031,2.3501695628885018,2.1199611748421163,214.9954330239145
19,-2.7402020539361063,-1.503045779952683,1.784030468538766,1.988645181117442,-3.3378435922443908,-4.319061132997822,-4.013345586507988,-1.3094773529530799,3.485854378362417,-4.803863446809235,-0.7427200286450731,-1.3419376424495206,0.8512011699175918,241.09779999249724
20,3.904008633790831,1.5590804026802978,-1.1067292272291784,-0.7111433533933459,4.758613837934089,3.6048080498072625,-4.341482299182804,-2.830913304102307,-1.4168920695063059,4.9638394301615705,1.4128014472744286,-4.137218116898375,-0.6539439013323421,268.322858307869
21,-1.4467826842901867,-2.845104413104932,3.60050578222917,2.158531699011576,1.1450422803747342,-3.1772383285547443,3.574309728665077,-2.568288312587792,1.4461992792079346,-0.5253879450302017,-2.300023161151357,-3.4018566054188444,-4.997860950235267,267.2925872811827
22,-4.2806535015844585,0.4878204593422688,-3.438146706414712,-4.246826084903545,4.419377426906147,2.8738773870811194,-5.0863942303306136,-4.47550811292313,4.306141525736804,-2.4377434204073745,3.3163206670266874,0.30086117508857735,1.968399148219251,325.62569620518417
23,-2.4109151612294095,4.509915361794938,-0.29517327751833566,3.850100302158613,-2.716349725686584,2.645406398103252,-3.2523227474839818,0.7981053507938849,-3.176593720689475,4.359126211639119,-3.4292328261292364,1.8769235767386787,-0.14440105561880534,259.39249894518747
24,-4.6210112718507705,2.6999697777492706,5.104548516394199,-1.791801566025934,3.234732049911876,2.5142649129385486,2.1888656734674914,-4.954850547350606,-4.914004258136123,-3.119242542119721,4.026068536394589,2.6777036210542122,-0.8230268740047151,261.6431371715064
25,4.616932002331865,-0.3225871957472275,0.2919325804805278,1.669302184200176,-2.504011680411506,3.660997568363834,3.248855791275209,-4.916529226716764,-2.786405277517351,-0.9098413338472595,3.742233417717534,4.5815608192612585,2.3966411563776573,290.34413167757003
26,-1.6660469632415134,2.566504023165246,3.2858328989466363,-3.502945774966778,3.954360880651461,-0.6433719012999974,-0.8313379103479702,1.0110457368629135,-3.5468580582203533,3.767648594363442,5.098059367669782,1.1318082791259487,-1.7474779314530902,239.14759259836774
27,4.563173643482366,-1.7390911342536195,-1.3256566876700366,4.280177043932337,-0.3971076878552552,-2.1654942849736742,3.828964667925084,-4.386730720000999,4.862784309241778,-3.065539157491828,-0.20081804251190405,3.5745854218501867,-2.0902283293377355,266.77917857139386
28,-4.696140814732734,-3.7199106099255532,-1.5844902556032654,-0.29769195946785754,4.266738856074555,0.5689019606427858,-3.2015239389014694,4.105703752367068,0.04566929270457,-1.7891051558026463,-1.8421734657200928,-3.041257353783696,3.3069739283458874,233.27789742593353
29,-0.12715700989097267,2.806762075074715,2.5458499686226235,4.593152113473775,2.623048924673491,-3.422294942836338,-4.824986865643225,-3.9711494128512133,-3.7661181389056795,-0.7700306963672672,-4.130002157241625,-1.421452121601654,4.37808795611776,292.1101467373636
30,1.2448805863127541,-1.2463151988200682,-0.6100560233573332,-2.0237979759754587,1.7578620051386697,3.0041936720658895,-1.1303433570516874,1.4129401368071282,-4.185719697920904,-4.219863293772305,3.003746716559069,-4.872885620842123,1.6531889233480337,195.19912896315964
31,-4.414328500773966,3.016705249506193,-3.288951941218552,0.9111866858472516,-3.7407605583234336,-1.8159749252285533,3.721450171309745,3.037564141482224,1.3581455129601643,-2.081997125877736,3.6989099762897193,-3.656141015892192,2.6928798345583824,242.0876591929727
32,-1.7852686009129402,-4.93548815047006,-4.236662598840899,-3.9000575275747966,4.621289693530843,3.374100793532424,0.4463863761961166,4.909259628084244,-3.569022300040139,2.41173945740266,3.1238947609417402,1.9280164704748302,-2.300962231190333,284.6482154360127
33,5.035821098386366,0.07475067405218971,-0.03679649102830848,-0.23790825916787336,0.9093576475306451,-2.9436784383534285,-0.1481853921607674,-1.4149372181680635,1.9147934490789016,-0.8457970430582561,2.8209198105023923,1.1887082274861265,3.7855961223861403,126.15068733491671
34,0.22374070800236645,1.905960490769487,-5.046124288553058,3.0063260802641505,-0.23735517798373637,-1.1900017761182877,2.031690015095876,-3.7388743779749785,3.4316055541693573,1.54108194944193,2.55268632331845,-5.0139559367940105,2.295331167317621,216.80282065274727
35,3.2877588924648244,-1.1528766536507342,-1.9474938238260997,3.932513089642425,-2.2717204860365214,-1.634884374414813,-0.5504823002952768,5.093348293026206,3.086478294035781,3.1821789407109318,-3.564192464929693,4.759966679765087,3.149532725757772,237.5805078422482
36,-1.6120237924142353,-5.107081777970328,-1.8311210476474018,-3.171050982783983,-0.08117229781437035,-1.8728436967142295,-3.637604460496604,0.25466511822503624,-2.8486545090092967,-2.3843607809172185,-2.6098459169646717,-3.3215344926158092,3.4619985621250353,237.21226963637665
37,0.8184861795275056,-4.18334240485791,0.8751504826689529,-2.2419959059269576,-0.48165106626446225,-5.097899768441035,-2.2199457681294477,3.517961350777867,5.032640528531082,0.6451670222063125,-0.44299748440341075,-2.3258487833115313,0.1631404943140674,227.96312553801766
38,2.573246395667483,-3.778408624599982,-3.0501855002910405,-3.322605859817737,-3.2012864513777046,0.3533979831130808,-2.6919880954741218,-0.7182778134011991,-4.475203976872679,1.375684740733247,-2.635760455018225,-3.006306479026734,1.3909260299319306,261.1876403591865
39,-4.879439752941123,0.4065739011841839,0.17039332487646378,3.889137830940782,-4.096676898708629,4.336741631974265,2.6003911427994186,-0.7739748076817903,4.5565141531322,4.294611977299921,-2.011647964161317,-3.308304866653798,-1.4815852987388078,276.2988721066794
40,-4.1749083079692095,0.8324006842762484,2.845233715831895,2.871111115716725,-1.6160874322449719,-4.583161641605573,4.217875796390211,-1.3724726498618904,-4.072867595591683,4.849567224482815,-0.6814443003357529,4.912417394157377,1.7789802924444817,253.68641241464917
41,-4.208097161675578,-3.529000438028728,3.6356202469544234,-4.919397390176343,2.158200970465974,0.017674039087020636,-3.49541680610541,2.792521823496397,-2.657636619567106,2.893036590659225,-0.40907350460184144,-2.160778523887875,-3.850294844651944,249.24311545885362
42,3.7784782944689077,-1.5190951354379425,-4.395481666371165,1.3870351686230156,-3.232588797879925,-2.7394347380753747,1.6778007277780007,-3.0804840946850067,-2.142824822082287,-3.7844619944189586,3.844736351778938,-0.9202071153855119,-3.1787771146624064,234.50491474394946
43,-2.670342273179067,-2.0681649578906374,4.808098845660936,-4.223729126613949,-0.7077993962631508,3.4235702155620014,-4.5575005909307595,-1.6362281482740668,3.627770219284592,3.884470408015794,4.751053212719425,-2.2210328360303695,2.2091861403546758,291.6144950383499
44,-2.1713468820362762,-4.721922503752838,0.9167618880076963,3.3411097659737443,-4.309547886804838,0.23477522242978244,0.2936722037746507,-2.3551554731840763,-0.7888588257910905,-2.556602967458109,-2.139623637548812,-1.7069796421070274,3.367412779783815,234.53730010769576
45,-1.2465854788888193,3.0739678158791386,-3.2140104075889293,-1.8620181941423146,4.665056481519615,-4.6001415211434935,3.8541407065545803,-1.5003362229851354,0.6857973049967546,-3.243899040428981,0.09018427526856292,1.5660236635196279,-3.061322831395933,231.8638700922039
46,-0.6436014486958046,1.7982088319114558,2.404966390464538,-4.523588040818283,-2.9781584830581718,1.7851967529355859,2.7045375309886936,4.991867010067916,0.8905323991767681,1.1208684562538993,2.2905612770044,1.6901571552891699,2.5425546082189783,223.7672168890121
47,-3.478096435160707,-0.891502973664722,3.3899557288743525,-3.526538480545921,4.369431426534802,-1.2646402214303554,-0.6152438337634267,-0.002551105184909975,-3.46156189572085,-4.688591757745695,0.8673658385392087,-1.8162915821687597,3.506471354330934,275.8323673166308
48,2.0782939562660228,-0.3981771599255012,-2.5894011514846516,-0.6269631003936907,1.5959141211673198,-2.86913431584288,4.9809066102715285,3.843607937167379,-1.0398964368504855,-3.9562038057636824,4.835760362559072,3.934205914351952,-4.31858985817784,237.37148898204936
49,-1.0729179496010466,-0.08898849802071085,1.1864596648366865,0.6379433799448804,0.3821964632161927,1.382887513810917,-0.7313735684878302,0.6834399939069045,3.988915241572629,-3.713207804067606,4.648928557576805,2.7155725878033663,-4.198159459568459,214.70424569346193
50,-3.0793385873836914,-4.014097282575172,-0.4702153267390157,-1.2476302423624794,-4.634726426528323,3.062034144184598,0.7962956994034203,4.726561846182433,-0.42291301773163925,2.2188682285581334,-2.157119243993011,3.8122816490755413,-4.168478333229277,232.4580851054851
51,-0.5174753247690324,2.6276810712228627,1.1393335379199798,-3.3785997132802232,3.684976211759336,4.367446836558383,3.3765766258705545,1.432857133469874,0.2551408616082247,3.5850858740555664,0.19104845182057748,-1.3160162994110127,-3.124009477129129,267.34001728518365
52,-4.009200425397848,0.8893729839359412,-2.3473025296253605,-2.0975968490235273,1.834943112841348,3.9807282931545624,2.8851480268665046,2.47146314651656,2.520781311438305,-2.2227039074317174,-5.04357111389392,4.963518381441545,0.45095883057816555,217.5802111466566
53,-1.9128833784454264,-0.3768707866032182,0.8031281949435258,-4.053321162920302,2.7265336914625142,1.2868524951583207,-2.7355766313590135,0.5952553620194534,3.000488686713135,0.8553506297316059,2.709998981494227,1.2406357751423083,-0.07583082804321546,162.1180904524592
54,-2.9657365889467275,4.240262459988385,2.7498448548884245,3.7990905101581305,0.22326438304295113,-0.862771948882852,3.920069428709997,4.775775105635512,-3.238139213160302,2.0796243913145336,-1.5801657202076456,4.8689794348415445,1.5396886508594294,231.2917913053796
55,-0.9998900559969821,2.246566486802709,-3.7333580695476827,-1.9248984720243825,-4.190762071747896,-2.016397047556443,0.36043054460923574,-3.1793662993679463,3.6633981048912863,-4.084333168717648,2.1978888665584564,2.257991523132766,-4.2643503850615225,208.9457407263713
56,-3.517548436642981,-3.1187735720796783,1.3722831908254203,1.3425550579450496,2.2105182426526055,-4.713123168790655,-4.450195159923444,2.9697737442229295,-3.3611225952151753,-3.3483723431327332,-3.4661583463569685,-4.719643163778978,-1.8324830964036307,305.180116976324
57,-3.3084331685065997,2.669283863935319,0.5789297812435537,-0.9460107365887482,3.708429769608764,3.8304564437948017,2.9524632086393394,-2.1259099690193093,3.5931732407028854,1.4160881821952112,2.1737887541932848,4.06109332774209,2.905874798667271,219.2993110587181
58,-1.3224316797139744,-4.83339797696794,-4.863291626076684,0.18190060950481185,2.522175019484877,-1.5136047549268021,-3.1424507283121383,-1.8065705217366481,4.6798468201691765,2.9681630565349244,3.2628914981045694,3.4367532823126687,-2.807277558557052,261.45194041517175
59,-3.653456924086727,3.8868401830535317,4.86785187439521,-1.7409426464894184,4.238042613384355,2.3495829089152265,1.7549542227586026,3.971325889538736,-0.7405043713758466,1.743041791190771,-1.5419190930782651,-2.281414263484899,4.649660344255458,265.75049424093083
60,-0.08167765127782664,-2.1004729823455164,0.6677096160103472,1.7095945167595974,-1.8707098471688424,0.6621798941071111,2.4801893247624984,-3.263311011522153,4.922909270698806,5.075903245337986,2.650659821808963,2.0663788139755366,-0.7218901720626381,200.85979465153198
61,-0.22971502705431057,-3.902251465281066,2.6338675994319565,2.679872840044996,3.8584022844432533,0.46383676660351447,2.8020337656867453,1.7005761411948346,-3.039170308858475,-3.1929556044181338,1.5470303126627911,-3.986987125552681,-0.7783188355743434,212.9735602197107
62,-0.048336243521659564,-0.2550910857722726,2.926955523929861,-0.672908773969128,-4.6263602716793235,2.3358696349036294,2.492204103859547,4.267606283027563,4.811736636919836,0.9606916878621157,-0.05334864715762945,0.8414737113620706,-1.0347627638096932,187.815240738358
63,-2.9240032738994097,4.406207553310799,-4.042369291629384,-4.980864850996904,5.0223400032423315,-0.8949797241083415,4.477878051967098,0.43342025297619324,4.730946483528546,-1.3119888648861477,1.3409099034106742,4.506607990501622,-4.8209796328168775,312.00182586582434
64,-3.8699515657769235,-2.7953717004179386,-1.5049001080742344,-1.147743345849662,-2.1905487702439492,5.021014076789099,-4.231645618047458,-1.5918353721856282,-1.707409096240239,-1.9266472410893227,1.2089111379406072,1.0738958608129068,1.71360560366077,191.47678570557966
65,3.4150136218651412,3.2650244838729106,-4.769577308713076,-0.17210551563531468,0.6668603407891742,2.780784094428454,-1.7730185678210657,4.619240917753934,2.2886708433243528,5.0575793075541675,-4.282575518557864,0.349669058842728,4.756898149887067,292.75162078347125
66,-1.877241087221396,-4.351263835809592,2.446404766063301,1.0760547499572668,-4.683614563841347,-3.2529361508230417,-2.265134429201527,-0.5362197739173107,-4.344057805496153,4.629342147517594,-1.0804571900186812,3.7610930314111393,-4.082936851947276,278.4086434348066
67,4.348230342730552,-2.461448504092485,1.6864712218397833,-0.3668158265851794,-3.5665044034936355,0.9414494313184044,-0.4547857115931877,0.5396789125705198,-1.2035618983886809,1.1954596218466793,0.2869773445076735,-0.5763741621004489,-1.8852745646438493,221.49825803697257
68,0.391183685257038,2.5219137382361922,3.796284598247149,3.6401699847030207,1.5454357989161993,3.755432506860452,4.603054831226516,0.9218001006556765,-2.391175219477136,3.748496047960218,1.9743068433922975,0.2425353507701653,4.094401331556631,261.97994021195126
69,4.495285727988975,-1.0753365934866779,4.041503400196378,2.455878588774115,3.0262251891537715,0.3904162020936175,1.2676776333266537,-3.054017785851994,2.9134012745607847,1.6058573444916606,0.38150513711497175,4.349644896926713,1.334060773399951,234.03845026399776
70,-3.973832373372044,3.1996519162530586,-2.2053093245701323,-2.7963994858797308,0.6176616663748817,-3.4803811705099292,1.9853837364464773,-4.501555848377134,-2.3625469488611337,-3.5280919741285244,2.8840768617563377,0.4036625535924737,2.6064020559637786,262.3988257470438
71,4.309518163783229,-4.654786377626127,1.5094183411886022,-1.4019636574954921,2.2552106660341775,4.6581021789729125,-4.735630821692482,3.7815591957836334,-0.11375098209574888,-1.6606738042300953,0.012093234776573293,0.4768655504971611,3.599936520235973,291.8837252457548
72,0.968660214747337,-2.9896993034915456,-0.35700994100629824,-1.0038313095877378,-4.387198813400057,4.531909373191572,-4.514075628531692,-0.24456817496693573,-2.164313242330374,-0.9543697037118029,-4.903428834367511,4.443112044604818,-3.902096285548001,247.56386137849702
73,-3.142375225128757,5.038786078395798,-2.2770511201662047,2.0202135835557034,2.4611104934013603,-2.703778930403678,3.116463080874374,4.317466931426175,-4.831740749212946,-1.200480545849505,-0.5324582690900277,-0.5034793334103044,1.2797527409628158,241.93517378923303
74,-1.9680348011794369,4.96525351256895,1.868130830604899,3.209818336727748,4.7832757976160645,5.10824801358632,2.4298847346739803,-2.067875355141579,0.3554797609370982,3.42084481144125,-0.28993692585506176,-2.5724252169230204,-2.661240635532412,250.0568842228414
75,-3.414378717036302,4.46069536332401,-1.0066535389374607,3.29770430035457,0.49713560432927717,2.5471436779241587,3.557623964297861,4.482545029519531,2.7289828063322563,-4.442231855044019,-3.4125279668591637,-4.409050463814324,3.728953250343924,364.1221009546123
76,4.867020692144866,4.033513008836606,4.228066393658965,-2.5685040484877333,0.14497803875795165,-2.7839254676701652,-1.4447704844860159,1.0343752572097717,3.4049253042309977,0.3629289927511623,-3.296351089700283,-3.894274039324184,2.97940845550859,234.47513755804277
77,3.5298803095678135,-0.022149515043503983,4.560553504619577,4.9295646181524715,3.5931058878619457,2.9710717280184866,-2.4357222365163618,-3.8324697043507427,0.7520422350715721,4.815300455025486,-0.8050732840755278,3.0550096302740055,3.3607036173360827,267.3507692448803
78,-0.758476126905205,4.560791598262054,0.4453307036843641,-4.025738290672323,2.553714369182736,0.24882967631092057,0.02018409469874069,1.2811642861065906,-1.9891927922624202,4.659362156708865,-0.5586196998283555,-1.20436491554897,1.08770927197005,207.6966677891056
79,-0.194609062396782,0.7023612431623477,-3.3998910482262166,-0.7370973847545309,4.096571442180426,-3.3189899582955857,1.4594660466186697,-2.6045129965608913,-0.4647463142289626,0.021342767515274457,-3.836372738230293,-4.278704924062238,0.6238668032749578,238.58894028370557
80,-1.069134021563437,0.16468104547889015,-5.073495942946879,2.918171924357581,0.7858247625560866,-4.445685314183138,-3.5704246530922035,1.6021257280519854,-1.4925596711527163,2.1929581510324887,0.30334780892734065,4.5957671489252565,-3.770166155259081,252.73787302191187
81,4.762006550830453,-0.8559523543331664,3.863574445989511,0.13948046260816074,-4.418961985273661,2.708802671920016,0.28051035017720916,1.6146522031125543,-1.6278417444823212,-0.8222168501723214,-0.9341833811543672,1.6208737709444319,-2.727349435864186,215.08158627073917
82,3.6725765952371914,0.2824288284977495,-4.090340249203711,2.3185823303178594,-2.5986487492466726,-0.6977363955256022,0.5009996816655424,-2.0174017203492953,3.249506512222276,1.2625523522627982,-3.2579718400038464,-4.652628343477387,-4.3510044244676385,267.37887875730394
83,-1.5123973540463347,2.0257095983624183,0.5195324745922435,-2.675052142100532,-1.046341250117845,3.865505149101433,-1.745337203975485,-0.10490947918210383,-0.37376521157727405,-0.5708019742242672,-3.0650072707087075,1.343743854354563,-1.1289635999758607,172.11229544569287
84,1.7280007921928218,-1.3405840023354094,0.07102595193301046,-0.10771607763699145,-1.2670267387211445,1.8924200509945377,-1.6842778219852763,2.778021430661642,1.0347847369321115,2.649515825605853,4.175292191217249,4.424005480745093,4.28504760276936,202.15927112340697
85,1.755894401351315,2.1848733505216504,-1.0621864154387395,4.115658539795984,-4.967675689021776,0.9133375419377017,-5.070067975911463,5.067528089413722,-4.264443975281754,3.9469537808108233,-3.6533901816148964,1.7797464704525758,-5.024339029798541,236.18611463986048
86,-0.6946867722837355,4.297044321669938,4.688991736460714,3.555856580065979,2.938303652697588,0.7897164647594574,4.912134429621428,4.646617247776613,-0.5028161717740331,-3.877534812059223,2.7493314944704292,-0.46580007080707075,-0.19249431488323648,276.00474000074837
87,-2.0525981370808943,0.34185018831052716,-3.537081896665632,0.5303961843426832,-3.8515204654032766,2.44569986389594,2.5730080749155886,1.9987782485176435,-2.239169930580231,-3.8036530152249752,4.12307464814856,3.4957261578238077,-1.012527790137239,235.1442405734054
88,2.866175067450914,-4.763211874452697,2.113914606410464,-0.5533496594326439,-0.03666780843075557,-2.5784114612426103,-3.9944346581673296,-1.6882206951291594,2.8138494174210766,-3.12504825261831,-2.779824840357023,4.982075114961016,-1.2736277705814754,208.95886933004837
89,1.4579345602363976,4.250307457643887,2.8149361531270896,5.095906799580569,4.686861439072832,-3.108047888607561,2.0537702205326007,-0.4573913465427608,1.954798915393271,0.6162681433304447,-2.7606322012251767,2.94241252259952,0.13512063687219777,215.611922987202
90,1.5196822825734029,-2.5015552982258753,4.621966340659091,-4.368457331901571,1.4320953240116259,-1.1568785791622938,3.1539899230176447,4.093172571978654,-4.541014766752324,-2.9609134557803207,1.0293679228568098,-1.5435992201661235,-4.758941156070264,287.2619602551461
91,-3.9179342894327815,-1.3010004098704449,-4.722693977822146,2.602524421340476,4.052470101951157,-4.120917369849126,3.615720639479581,-1.2627902754665765,0.7814920683778231,4.743588864552694,-2.4784085263165276,4.226782932249895,1.6909547365915194,280.40463156556905
92,2.9015367609824043,0.656206658480954,1.9612685075089176,-2.7318123441153515,4.32625260445514,-4.1928527690022666,-0.23582998024170318,-3.578448428364487,1.0995379034547865,-3.651578904454044,4.97973415278855,1.0096660948967635,-1.9497967430786403,209.6237667699396
93,4.074356143358165,-0.6803626697680158,2.6102469821741625,2.1180879902672696,-0.8189050189968445,-3.1417849421277353,-3.4109609421348863,2.8786946072648463,2.9722142111252565,-3.437079642327218,4.631872198609892,-3.4499995840873057,-0.550574818318782,254.67512408856052
94,-4.9863965958619225,0.6039725929087005,3.6642477362031225,-2.611186249682766,-3.035352307274173,-0.3696411939006805,-3.022587905799561,0.6604185903428899,0.15119022821117611,1.4798588230363383,4.070274132503413,-0.7300446337326084,3.638691053359147,232.9761989565257
95,-0.6034174858773975,2.231999007958662,-1.8999623148822296,-4.944573633254071,5.061633709048541,3.9394108358117266,-0.019788803266394407,0.32279221527497265,-0.9606426797607315,-4.90653004370961,-0.6839228443182515,3.713143233579958,0.6577001765462209,203.41550311436114
96,3.5078020231101417,-2.336321623975086,3.726188116661251,0.08962971373719911,3.1178617705542306,4.412870050297421,4.193302428368346,2.5711220075723924,-0.011406239093165026,1.3064011674526808,-3.966018342261978,4.037205449081201,4.411049506483543,265.5828445364109
97,1.0563900699625712,3.752472469636113,1.1103687277301382,-2.7197631650065732,0.4430000723491306,4.097660117379153,2.1376655653686187,-4.089021931793514,-2.2615506953464197,0.8197841938837407,1.2561398741666898,-3.1078456941509005,0.40396563349411624,177.48998899566473
98,1.1895196065755353,1.4655617069400255,-3.9518057274204383,1.5947274342966151,3.2878754541244106,1.1958907785803228,-1.0092747678770548,3.385639009634567,-2.7649241645473643,-2.9977067080094835,-2.9513236867029464,1.4179900200770392,2.9362849508847164,192.7992430671757
99,4.123931935992928,1.3096466302189436,1.3406678955635583,3.7216954541969693,2.139206456440334,1.088015241052233,3.293050375655445,3.0974230167470576,-2.5188994354165044,-1.4408161966579773,4.8884662659176925,0.6373653313442097,1.5828464638298851,235.8480282098015
100,4.715338808225442,4.376359777465772,1.0546051508984298,3.4954464134182253,-1.210338353636186,-0.011966612117346986,-1.5261926754038146,-1.3353913289447625,2.3755566964862065,-4.755367133857604,-4.38258160831992,-1.705325769331994,-0.4901255099056161,280.2254066343663
101,-2.241457871279648,-1.8394747988150801,0.20218766126894777,5.027302900601249,-1.5136767945801428,0.7256390941963151,2.205322086756764,-3.9173750254295245,-0.5925260868901633,4.912684243091803,-3.7653278917813586,1.7355766582168641,-3.0834558596354524,210.4000826575454
102,3.5788821873487167,-2.5840550997822387,-0.927341767085165,0.04160970905698922,3.348099835262549,-3.901123777250504,3.1885559121825464,-4.182366499232638,2.653341750043672,3.1623003871850504,-2.0603704475214357,2.18655903874837,-4.95971099938257,221.27870993021074
103,2.7866176435352807,-2.424202005356273,-4.947749150612894,-2.8606605311412374,-4.797190909370814,1.5592362349827982,-3.81785381559673,-2.2193485911521655,0.09411141207445888,2.834194037390488,-3.192163993094912,3.376518824098234,3.0247571225708008,231.4671791449884
104,0.33597797347153324,0.21989775777983672,-2.669598836996114,-2.8934602605010813,2.980233301011845,2.6107443766751683,0.9698382933529808,2.3059926613117447,-0.09350968447553343,4.060288809109443,0.9615979706310088,2.4475039461203343,1.8822766374730795,160.9563946956832
105,-4.7399474479405725,-1.9098447594939714,-4.273882320834245,4.393891071567399,2.365563052922803,4.867781026957798,1.77737558656838,0.3493572595312484,2.1583062453603086,1.0099970384212207,0.7319130236886954,-0.2199803750473623,1.4977882745145983,234.17173133527558
106,3.020462779157093,-0.4720044749378879,2.3190459409688935,3.237888345240358,-0.5987983175009874,3.7477206127563667,-1.1107188597061115,3.193500652307967,-1.6012176841523664,3.0507045513358104,4.798184157476669,3.282194527188263,-2.1900419807053257,225.90018142795697
107,-1.2729751150972906,-4.257014938306773,5.025596987432592,0.360137935421907,-2.117114394667871,4.629933896365451,-3.798446033466387,-0.9158177253014244,1.5075513107647116,-0.9799445401696468,1.4389391250737238,2.5201816527869623,-0.8681930121308574,227.41589134768563
108,-2.792819270104971,2.7779746272308623,4.3268105341600585,-1.546722536496433,1.6447473330429951,-3.9697375744008756,-4.946117205722636,-4.139575536392597,-0.30832087994105273,-4.413354408089793,-1.7726769310997585,-2.5151217312498226,-3.4950448860207928,288.919553538198
109,3.611740993812009,-3.3032398548214394,-2.8965366099691803,1.923410460805766,-3.504076549255956,0.5991769555816668,-2.3859200980279245,3.4266573819091013,-4.949066053054277,-2.9203489960370956,-4.236044873408463,-4.908272036637621,-2.9241337877091658,272.0203897797278
110,3.2170933199839444,-4.120399624446287,3.4206325571155274,-2.4156253727736834,-2.5768833922615877,3.155330075667688,-0.6809397670902189,-2.4067362656264377,1.6981743587553015,-2.873548114296848,-2.495432760042315,0.0002726164335671909,4.035136475801779,241.66994012743135
111,-4.446802105595902,0.13470218828318478,1.536901575692386,4.796964602090668,4.186332972876909,-4.413501760366012,0.7197377713635973,-0.33373108528855067,-2.933472438126814,-2.72123972706018,-2.878306855046698,4.17832719097998,-3.0223387281875334,256.09424087687097
112,1.7010112732935185,2.8891074040691125,-0.7200357844129417,4.887578154210295,1.2281874554186505,0.746622813459929,1.3407012004431438,1.320416872320582,-2.6823061230150826,4.581753699500871,1.2991793164292416,-0.6557062949920356,-4.044941234556606,227.9252226375574
113,0.44209883782552717,-0.9685629083967001,-2.778680624443095,-0.25977961013934764,-3.874764761488734,-2.3306427291398655,0.7469711963133507,0.16617740560318922,-0.8762980093820031,-2.1552341703436557,1.6969621934533516,-1.6519129884773587,0.20171665242383688,155.6599442724058
114,2.3299560849634493,2.1384544670465697,2.7022638068855898,-0.8287162300181409,4.8704225578433995,-0.8032166557583775,-3.874780067027249,-2.314319015353897,5.014740016104722,4.392394986022364,-3.922621921840843,2.768984060197229,2.2789696010985034,238.33612105291553
115,-3.0342664993067157,-2.616142368584204,0.6130857976220607,-3.059849420449118,-2.876088079605727,4.697514240267752,-3.293383454303907,-1.9712681243259484,-0.5755731031203813,-1.9514552434779038,-0.5866903619026945,0.05736147129197958,-4.399882203688201,216.27967341365985
116,-2.555249203383159,3.406068209360058,1.6456950972544646,-2.1777330176383782,-1.8131422739595728,-4.803696931266488,-4.098414895925208,2.0577716785041114,2.468221429374157,3.2321412409756087,-4.717916255708317,-0.845725810923152,2.8520864740506138,244.414100188487
117,4.155905027691956,-2.3599806285767624,-0.752908199464537,-2.9350070469166805,3.6297418519750266,-4.201150452186443,4.316353030401199,0.19883950993657692,0.2352603226015178,-2.1188468321590777,3.624369296013671,3.9616453549163655,-0.8817697145266319,223.59417044842837
118,-3.582262870255602,-1.9875376643253813,-2.3914094440381617,0.23174243041699435,2.902674271327815,-0.3253569840384214,-3.9122035532506017,0.015812805695757073,1.1596975544676098,4.210491180709704,-1.142241904458487,2.041018077468483,4.856420825672098,177.80110168374725
119,3.72814023970985,-4.876542762552359,4.92314139384506,1.1892222846769096,-0.9880350219418688,-1.7547190105229065,-1.4056569585755911,0.10366676486923279,-3.950571900726002,-4.041202367217731,3.890722159558866,0.6894377865631809,4.708891703075764,220.16410782369368
120,-2.3794457026150004,-3.40946664495517,4.534051319403726,-1.5078588567563427,4.567391203233527,-2.350441029468666,-4.409906693895808,-3.130416167538587,-2.4410490371652465,4.727388336709013,1.8980290307885432,2.4199336821850226,-3.5844142877607608,348.55334779701764
121,-1.4679542504965102,3.6473989516404024,-4.142159815088562,-1.2022937978985853,-1.902574286054402,-4.531815843111855,4.278113258410834,3.358155796945406,3.3503487137570014,-1.834229844109327,-1.90124109862365,-3.4827628053643664,3.8218092198552625,277.2737854390882
122,-0.46753628394021546,3.517243356109042,-0.19839247611111394,-4.584124357914365,1.8971354685960216,-3.8297460951085007,0.6644380889445782,-4.604918328263578,-4.008909296130234,-4.489660060302743,-2.3593131480242766,2.7891188125758415,-2.2526372358898574,287.69437385953347
123,-2.038014089162996,4.14941392296585,-4.4841370794929745,-3.633981816759457,-1.5652294912176044,4.070248381957563,-1.3346945451364884,2.689795136494257,2.568064716207522,-0.6603644361885941,-3.1131011987007122,3.8735881058156334,0.07625304622382093,245.3122895863188
124,-3.346760313976467,-0.6295979371208157,-2.1286234159855164,4.145215053504143,-4.052261707964558,-1.0128696534389259,0.9148828742022239,3.260003957767719,4.681269257402701,-5.053417910849687,-3.1627787443213324,4.309235539468707,-1.5394627333010755,245.6211472405541
125,0.7662993697865339,-1.8663360148520662,3.100666311616051,3.4263258307828828,3.188564298226876,-3.376644404487077,4.118375644904795,-4.844990978897527,5.0982265255127235,-3.6048656890788626,1.8428733867404476,3.33584646114143,3.109967544085945,255.8653806859785
126,0.4882014183973658,-3.3489320138996073,4.115006822431499,-3.240796713258162,-0.9333437386385339,-3.2760401630686498,3.992790229481861,-1.5321238319087227,1.8730250857959334,-4.384068007888281,-1.0624448846448973,-3.941150028502573,-2.840076702350993,222.80933302882192
127,-2.4509760539709866,-3.2484233593559146,1.4402524792999394,-1.0260694222022402,1.3833141384596104,-3.7695250954746458,4.675246912608503,2.9795255730316175,0.5071104258572794,3.117347329436285,5.064246850772038,2.612505003920961,3.6987094562903704,266.51772321185126
128,-4.957948365320613,-4.486608827875232,1.5961024457165678,-3.8138331836604857,0.7539168056198269,4.202224972981034,-4.884778422054858,2.679797366571944,-2.5605911459843798,0.23664239772903906,-4.477702876216053,-4.549684236802651,0.6977850970131321,318.22253049234666
129,0.653460449202156,-1.651963359056085,2.4936114254854242,-4.68574394307643,-5.059347068605655,-1.0506205566215223,5.069561556796235,-2.2527223660472813,-5.045836941687031,-1.479516088093476,-1.72299928892282,-0.4346178441919958,0.005839646716618748,248.50414588546528
130,4.930783576062339,1.5706202925247577,-3.155475860783156,2.7039648658227526,-2.064848511587397,4.261241943491434,0.08084632021822587,-4.674306562634975,-4.669843185290788,-0.16006940569526712,4.962797597152447,-2.632952486355733,-0.28809214143960304,255.2109760365347
131,-3.2338467679077674,1.394469502258176,2.3790576826290337,2.824897594262681,-2.3769132483935334,-5.067623589656254,2.376190663260336,1.1494837840229528,-1.0027715332969147,-1.751322795165456,-1.4027309755181747,-4.146260785566871,-4.628868454643256,246.7848771837409
132,1.973867009098711,-2.9485964909875575,-3.89679707571292,4.377338427240558,0.011838745238061929,-1.3097249926473185,-2.1619959706602114,0.862345892145665,-3.480046124190868,3.2945572390259352,-3.0050300926171456,-2.7227683268607135,-3.408556682277154,209.692601120701
133,4.678044439496232,-0.5631065132918417,-2.9906539065529776,-5.041954278666305,-2.0038513226653802,-2.4230948673229236,-1.0433431188279914,2.6109096923278923,-1.3926657055324556,1.87275247970173,3.4981201513748807,-2.433323245211857,-4.506907386572598,269.0915344385164
134,2.972052453713099,3.797470415423332,3.3368597755062215,2.9589188930078407,3.444863968334496,-4.865038053913627,4.491404540986196,4.8492560053545475,3.168434679259958,4.4970794195803006,-1.6703891213658495,1.8271609632788808,0.9287237193452115,275.5114972333972
135,4.271929561800626,-4.473631805719845,-3.0962950750673572,-1.36020500350724,-0.9002418055336172,-4.271802538521714,-0.48781439911427216,-3.7556154635527457,4.193340739619144,-2.3293557319151716,-1.4522166451691783,-0.1099636141254647,-3.7396065197338606,268.29282572918675
136,4.411888227653998,2.345598246435207,2.908997684027881,-0.49625502665347504,2.0135636334736704,-3.5116421954472083,0.4362933595399249,-3.359550893944904,-2.627143486422267,-4.0964365365643305,4.53080428369077,-5.0892503682678,2.5005296825733505,309.31991084215895
137,2.4828695319757887,3.416230226971928,4.950316010522789,-3.6832256508755425,2.4226842120744596,-1.4812852657605575,3.6867589581957043,-2.7353165091647997,2.101704736597668,0.45569072024207424,-0.003925605664112518,-0.9620539496074141,-2.101158484796161,235.5476164025239
138,-1.571214552730541,-3.81508448012384,2.200173606842912,-2.093743973082275,-3.7773916500840894,4.801360455941657,4.051526732077364,1.8110841602998047,1.7667870448562015,-2.007708209024712,-1.906763136699217,-2.901672996479051,-0.375285267514498,187.70760088221752
139,-3.8198794992268157,-2.65721871238156,-5.002941436308399,-5.11147999586401,-0.2513338092260836,4.445517595012953,1.0329664032002752,3.4910240784409927,-4.297557009390116,-1.5190508930560807,1.718977490871025,5.102579293151718,0.26072822245279076,286.5252279778859
140,-1.7215456458405312,-0.7285110459792412,-4.787131674484632,0.30605356746554796,-4.899415005546742,-4.35819062797066,1.1769054262106375,0.456501980391797,-0.9074524105502345,3.522022933335003,1.8005521313756305,-0.7880392804928675,-0.20955832098612548,219.4507639847995
141,-1.1940323351296382,-3.4670382122464236,-3.4880412858498273,-4.801571069501751,3.487157574361915,-1.572386590087504,-1.8456143859892216,-2.4989677731607514,-3.7307781230048764,-1.876136071082275,-3.3218322079918585,-4.039441052757531,-1.11857872851318,266.82054581401405
142,-4.654839505485256,-4.583885098291155,-2.4795648659110054,-2.33798385894893,-1.4861594720738296,-0.5926547303499152,-4.864478394701844,3.72213156931944,-2.326380426342713,4.173375259235767,2.6288940845419684,3.6203478890686505,-4.6813010175933165,350.3828361197219
143,1.10401100799271,3.9285093934237523,-1.6257923424030412,-0.9249276727509292,-3.0771461863812894,-4.642683005617372,-3.4447135039531913,-1.1357296686941902,4.625076096498793,-4.311547916698364,2.844176419315958,-4.074762531316658,-0.6233704267435383,244.2796146825215
144,1.168271888042892,0.9264998420219712,2.1930845339973652,1.6216297365662569,-1.3496018150826221,-0.4899989311112821,-3.3466707678459713,-0.8098935716018999,1.5189579228616605,0.8889640890642426,-0.17723197089220327,4.682245753051227,3.206345589409238,195.9095887169197
145,3.3604480324394816,-0.7665557929806999,2.262899794899966,-4.632440924096793,-0.19070389404994006,-2.5001689298557532,4.0177110737085195,-1.7278295770239618,4.276858437635668,2.109957377546736,-2.4326149529279006,-0.5876718466829295,0.30880799971549555,248.90913780170172
146,2.3960801541971226,0.3004864215562548,3.240314927742907,0.2751729282836615,-1.1259601141587678,-4.972672334775685,-0.7562225380121075,4.171203608436776,-5.091510915568846,-2.650595311970606,-0.11823921671619622,-1.003695068152128,5.116493759759386,213.18235358559144
147,3.88710356819664,-4.086683891605862,-2.9319659168172283,4.651192613964258,-2.8859051417050106,5.043405335011972,-2.017506033388394,-3.6455174265868373,1.2174379073085284,2.8166962550624786,-1.311656001954159,-3.800294389768376,3.9635957261925596,228.854251688572
148,2.531136719843211,2.4640198994293425,3.9017224645113635,2.509280667686901,2.3217424011574943,0.16766662298106083,-1.8918444545814057,-3.016117307943346,-1.9406224575917026,-2.757651302396888,-1.0066734495751435,-3.188599706670447,2.0092377387496407,178.2192722703721
149,-3.373708314215225,-3.461417350330491,-1.2210964939855902,4.833916002363731,1.1875927865633087,-2.480743385463911,-1.560412424717646,2.841911544705656,-1.1307763339999048,-4.610967012631516,-4.520023716046226,-0.07522163268838815,-3.41335759852753,281.1696199391144
150,0.3580387648778003,-0.5215024450131851,2.026162648375677,-1.8335151067637714,-2.416257910292484,-1.9312413931672545,3.506160120595965,3.6211502847198314,-4.142132726190331,1.336856513548987,4.468841898010481,-2.367984512959487,-1.8034426227839853,250.91370649906224
151,4.45542452709458,-1.439919220392408,-1.743981188209741,0.7210175064503487,-2.3380813924762007,-4.915484914765566,-4.282346528089118,4.53996326643006,0.5879080300387759,-3.306240739921271,-4.056447698824977,-2.7403820932974856,4.1238993924972585,301.82524170643137
152,1.4830970857467076,-5.00054476988105,4.401028837402363,-4.534942452449053,-4.759302219854635,1.6171764103042308,-0.06952303295295487,-5.05470506262077,2.8510695233942114,-0.31489114397131823,3.0662582309001256,-2.077279476950585,4.445205290868022,285.3032463732412
153,4.882974804420906,-4.312477958947214,0.9628712233226897,1.160453323689858,0.3324726976209129,2.2344096316587643,-4.170960456814695,-0.22013359734600035,2.0180298383388946,-1.636185619965445,0.7126072079320558,2.2271728239028152,0.8227708674042455,181.9536529318671
154,-5.066864477276553,-1.5912728033825754,3.52458202222153,-3.788366270624918,3.835907383800124,-3.717217925440598,-2.957428726190938,2.258362582555747,-3.0016319032107885,3.9506580164932745,0.8897463306918433,-3.8250262586158037,2.16366710913288,229.70817617258768
155,3.8337681599200124,-2.019616711186628,-3.6880336012883563,0.8394998904226636,1.4647960634270873,-1.4502979621954282,0.18521085456157538,4.81606111855021,-4.388975135636541,3.4686181056163634,-4.63332424086319,3.233315615268033,-4.482697831775663,301.72535445687856
156,-0.4030096422056555,0.4592346953590134,2.9829555290640046,-1.9878040539080575,1.08872911100458,-0.2660466822233776,-2.642715510075323,-0.4301708661558215,1.7337569215455009,-2.451051248632058,-2.2647263650530896,-2.656931887531315,-2.500474415345324,211.87123907793824
157,2.746938784584739,1.8537369908491514,1.9231753384978134,-3.7380809298112125,-1.9888488421890462,3.284352971222626,-2.623808562277118,-2.899102026480068,3.829876825753694,-5.006315073639537,1.0091546599738064,2.8733225216184017,1.4418667494945492,194.57795852185768
158,-1.3800611057460554,-0.2037163275216078,1.2346033166931871,-4.396857869460157,4.916813768800301,-1.756445123353175,-2.089587755873026,-0.35435492931799695,-0.7220652914681399,-2.508649136375693,2.045189991813697,4.7963680599831235,0.8956652523874695,210.69386510208744
159,0.5902557296347698,4.137469974456485,-4.879587494846186,0.943388737036787,-3.165549235455472,1.4421785610151963,-0.8948527741794662,-4.270248898829628,-0.2064368905796219,-0.36841761951313357,-0.36184929086371,0.7543083530220853,3.860251506492835,205.91176878933544
160,2.381644553442795,-4.43123336165171,-3.320473454297628,2.7333159289573974,-1.3078002343439563,-1.3515230444875024,4.7910739368866855,-0.09001483039108532,4.398108367070646,-4.646032836905323,3.7956327159964864,0.5968989344843716,3.912984076175309,302.5223440711204
161,-2.6226834804850387,2.0515088979008196,-1.532590465597206,-0.025939531408901133,1.0383001964597434,2.1313576154600273,-0.2983289677269532,-0.5691581578858663,1.6407934932397108,-0.25932200708320385,-4.537112001908248,1.5209438275966516,4.198509658842462,209.32281069364495
162,-2.4960917912968856,1.423087672458723,-3.850873036936109,4.772395941649031,-0.555096223974924,-3.070063407752354,3.800667138393542,-4.212003255764865,-1.863605896237407,0.4301345766814721,3.94708104615935,-3.6792058863018404,-1.3878090174762723,263.8446809341914
163,-3.727829196947363,-1.003621589231792,2.051850169212569,-2.3643003131463756,4.971473008651121,-4.014113906748991,1.8087977654853875,2.144865795456193,-1.3344300056489198,4.26658592679205,-1.657102520312863,3.116850952704165,-2.628334450590941,212.81680032804712
164,-2.293639303040785,3.043955358935637,-4.585085369136602,-0.4316064392060847,-0.6677890079885429,-2.144712865792897,-1.4686490422560414,-4.785239806027449,-4.681380984018909,-0.12928337366654286,-1.2416456286838855,-0.3360716966814133,2.086569346755063,234.33314097232665
165,0.8843673146640085,0.5797587187041289,-0.049244361856692495,-4.853458501438064,1.7156344007306932,0.07762622859902985,2.660726320319422,4.014097919789337,-4.533711520889298,3.324504808193499,-0.30462096149709494,2.1236433457246067,4.984902467559676,216.83054217226908
166,0.1012660905761096,4.812917882839031,4.7754923878293996,1.261013226173719,0.08351991331172012,-0.5650185792533415,-1.2616108084362787,-2.173103425785106,-3.660902194437306,-0.6837964039983929,2.1400899416437533,-1.376608061233227,-2.4384781899593975,213.6947872567133
167,-3.6896311757014004,-0.7929360186139028,-1.3103763810418134,-3.570157896799907,2.0580361670916676,4.929032827135103,0.5499293197704674,4.964169633076471,-3.9302324916374762,-4.858954513822737,3.5916750548723746,-4.7852526485489335,1.8325266032057193,271.43457828853724
168,-4.545994503132034,-3.185036817873744,4.373039205320083,1.4850565478017972,-4.021418166858549,2.0414285553109788,4.953691930185856,0.5053968580944349,3.8909297306920294,3.6710962502770337,3.9825383984920695,-1.5945831616794488,-2.024936970411389,267.2732178390961
169,-4.520165673157916,3.486282441674673,0.4168212147549488,4.6919865302103485,1.6994102080458944,3.544250813508409,-1.9608990612498338,1.1815799903731445,3.9121318720346903,-0.4870213770728769,2.4772747698801507,-3.1488559251059147,-2.346691077993714,284.67646436426276
170,-4.09751305641323,3.8094473187235565,-1.4595036691715577,-3.137139740529122,4.012984441060721,-2.6410459239175283,1.6490718147316343,-4.754587500938159,3.5364965876356855,-3.6674558825529386,-1.4678735098622997,-4.503956339023765,-1.645585181733836,306.70219032339605
171,-0.9399492869052279,1.1064773698194696,-0.5457453241157267,3.113351325183261,-1.7970959112454383,-2.2628332516042255,3.3369611257937972,1.9308771271931335,-2.054955328828984,2.5004153235276774,2.3300378407016233,-0.36227146010483274,-1.2413125951443553,173.12952693964883
172,0.8566858349882125,-3.1364676142660075,0.3813737525650801,2.233201263755399,1.013985169125176,-5.005542624584429,4.356021979785921,-0.18694606681091352,0.9464546374386131,-0.6157939225524663,2.3792320112213527,1.3002497986848127,-3.3108290008994934,198.40961192024633
173,-4.37869151765099,-0.17238261330438392,-0.40404599788246104,-1.0741039869798665,-0.5247727960819313,0.5098851747709037,-2.296280813567893,-3.3068323979661955,-1.2765853906676705,2.3156477256143866,-2.542513196450087,-1.8880676887763428,4.89585934243995,236.079860330063
174,2.004497629094418,1.1894752288697312,0.12808009063541817,-0.8503513853865499,-3.9347091295444647,-1.402351830376036,0.8695512670478491,1.5309300229543732,3.0558663937026562,-3.3882529691992938,-4.030493096263973,-1.1403705911768371,4.506631312301598,182.9131067192557
175,1.4021738068993952,2.943577110514962,-2.8657781062372685,2.340630564257362,-5.002802610244487,1.051080509943756,1.3101881377271127,4.219096535084197,-3.840361161450394,4.03725435703157,-2.197215958610196,-4.377516301186289,-0.3146453705030723,227.6899745599591
176,3.231070152306964,-3.955519840766895,-3.6278503740091046,-1.2823177036087763,-3.412996711257055,1.2227113453711618,4.778266007639455,-1.059591023137735,4.032925384634983,-4.92583121909588,1.578920964273482,4.275924794254404,4.54026947781033,285.2109500100448
177,-0.2513652610310886,3.6973457578493503,1.2872778235318982,3.9819556010881625,3.5110566056506047,-2.238870626691257,-2.4550022670085907,-4.036551200573186,-4.232290040756476,4.474694236882112,1.6372351515767183,1.0528107862638096,-3.3429132231327108,269.9964674860761
178,2.625670115836313,4.063151485675004,-3.236044938386244,2.394333857567794,-2.23239534438514,1.3339594633717222,-0.14350219671879058,3.937918472391522,-1.5407990499240531,-4.265574878891166,-1.2052073778794279,0.7953120737243262,-1.4289659892551765,223.97620040809608
179,-0.8889095321335793,1.3622730255992594,1.754419988060497,-2.980833000683104,5.073067970375845,0.9761745179782401,-0.4036978633838487,-4.98516735728566,1.315607226133429,1.0257425472310702,0.6134840609919064,4.669792426527351,4.798231785573438,215.880176865851
180,4.008323270548624,-4.5417581146776005,-1.8039125618854017,1.0204094006666276,-3.2704761620508855,-0.9520249991779939,0.6178340575069351,-1.7605310567170096,0.31733208649410877,1.662136317862774,-5.005798354390857,-4.200138449491872,-1.683130207793962,219.70775985926107
181,1.8391118753144227,0.7817250527988242,0.6864496098290838,1.8632145704900953,-2.8084485538381863,-0.09825203296414234,-0.27054314465274265,-0.8346434879591642,0.1385055827361771,2.6207857729512676,2.4047663719550134,-2.121060214830319,2.3492375948196678,151.4979512928683
182,0.7304232779219426,3.6020373922600766,3.804173984228883,-1.5973820196136022,1.916607932372405,3.09015326605419,-3.5334229052736683,4.508869632013521,0.4280318004404662,-3.9135369078093656,4.222850298493212,-1.7799084421152243,0.534477504332579,266.74605615292836
183,-2.982582655983716,-4.7851973754905,-3.7940504652413365,4.199962324691368,-3.6525320785316135,1.8515712297383313,1.4033855307961756,-0.6041507665912332,0.9940854293070625,0.14209694930025446,-2.7172246864222145,0.5716899600477693,3.2499316172177486,224.97037284561733
184,3.0268490844416216,1.0526759596023343,-2.016122099139835,4.055143959556296,-1.097977970194615,-4.737146128105589,-3.7318580796321967,2.035299405929453,-1.784368966169969,4.134394119955181,1.94487774837733,4.112147430073165,-3.249957880343446,173.56944867046653
185,2.1944196479380347,-1.0480692767482187,3.056209887807342,-4.312261272395583,1.9606901413112023,2.752987681216677,-4.6231991618723125,3.1369087391418717,1.8433938253757678,5.014721008899429,-4.850755892666006,5.037298142579632,-4.541443654936019,255.29235157920021
186,-0.3900725982461421,-2.2414103154208473,-0.6622461395656272,0.7897602541478708,-0.73821479670043,-4.077639962869507,-1.2850394865203103,3.8870916208588158,2.3922831554963344,0.7600374415132808,-1.9547984576030586,3.540786149550157,-0.44672713696379973,206.1521234919876
187,1.6572879906694824,5.071842754399174,-1.702829054559436,3.0596163597287784,0.24758622154838217,2.2692191736746947,-4.994206994592945,-2.6550581473352652,-1.1070996435884102,1.9684522168122498,3.2862519984410627,1.9591966352604135,0.7381435446833695,190.71589478092523
188,-2.286254775983755,-3.8872778819224214,-4.34408388775401,2.2562969202575083,-3.9574880011969578,3.1748592168310603,5.083037387308991,-2.697307899528592,4.963932045356321,-2.7879170013197574,0.6616786857140091,-4.29230555470804,-3.987208531758299,267.17044830676315
189,1.3371242173718623,2.8352332980688644,0.30070516033357364,-0.09302324273348671,3.904495367702717,-0.4803518689246399,1.5353536691831544,-4.39595153110253,1.2271090251688406,0.5432865643248038,0.8171720849498719,-0.25814163352335096,-2.569131101490892,214.16170116627222
190,2.728281044406022,-4.226872375762466,3.50002987839077,4.037309935075088,1.3591833995201914,1.66465645512675,2.2901715801499862,-1.8685514168385986,0.5821539755736528,3.6313284895001106,-3.7139766899718865,-1.9554400713661904,-4.89371596800887,259.9172721409247
191,-0.540820228955629,1.6518381402185627,-0.1147173932497389,0.4607446755784154,0.5697525634415183,2.413119011044539,-1.93132597086421,1.2639315295397417,-0.6557950681498405,2.728825319579162,3.170722994124034,2.3357530611421424,4.179588463559794,215.58851394697058
192,-4.095659096080857,1.6889196788854026,-0.7868359810182796,4.458428499891188,2.7392777650879108,-3.000238525003773,-2.8909862583524295,-0.6555669921817795,0.45543506702470726,-0.02455942977575151,3.1134587400319846,1.4107986588540642,-1.9661819188259837,193.41740341046926
193,4.975952447665871,-1.6906011157088674,-0.5050314504282138,-1.6315869048800362,-4.27597233366278,1.7284852310878864,-3.0527996197440856,-4.548620769934306,-1.68676808160473,-2.270327535643183,0.13771729235098376,-4.439343156393664,4.602683656673129,290.24093909626595
194,0.09016350600018896,3.1437859197799325,-4.183658143519403,1.8061372181546091,-0.3253374645260604,-0.206982530392817,-0.9694856269479136,-1.1013657005556974,4.520220766756036,0.7205985911962156,1.104470653557052,-2.8374659175515577,2.820981442751314,157.33893575505067
195,1.2898130015631104,3.9919671414559974,5.02197572122647,0.4093272170619566,-4.445226105739452,2.185156689695247,4.428463019311674,0.0765717375337349,-3.6288125359757535,-0.41385916862146327,4.404077717745433,0.5112047947057752,-3.881130546975494,288.1419234925311
196,-4.303867900757051,1.7448353888142145,-4.530912814785566,1.2734510661106972,2.872076246908279,3.2218603277526987,1.9448324223976976,-1.9335799511354992,2.2388076810097624,1.1465330016965187,-4.5974857866949845,-4.9511613818924385,2.444555233833226,246.7946210821911
197,1.8656298339269162,0.005186862419503761,-2.7803356294698833,4.321995006016817,-2.676758869431364,-2.5866784387489563,2.9862466786983086,2.1638847963853713,-1.842755168142744,-5.1086179740088875,4.317956098727295,-3.7214726797982802,2.7414056861220275,233.76970470828172
198,0.5544816909639608,-2.684184007176875,-3.579516970784787,2.567481319845724,1.2784737779489863,4.5379009126879675,-4.327910900292807,3.571448861737208,-3.2719132634888606,2.0154275644387156,-0.8702915008544383,-2.9482540678254106,1.2287436515413908,266.649002304805
199,-1.8123599096095782,2.293075782925459,-1.217589251297638,-3.4334992957394315,2.827612747021426,-0.7661886416861474,0.19738115316337276,-3.485116955967005,-3.125765094765895,-1.0478771854729647,4.3768042445456805,-5.043925410475704,-4.866350426509175,232.97522664655838
200,-4.793763546529414,3.328073137326293,4.152440090085511,-2.5042689170092625,0.40596254564933404,-1.9680343346425129,-3.7046604350142447,-3.6775641939555808,-4.9984349355231075,-4.152347652823138,3.5567927642565427,-1.074277332140434,-3.655453765884768,290.48111503072755
201,3.105378452482581,-0.13468135842233037,4.674789052363612,-4.191380702012126,0.9302281342638565,-3.8913338723184085,-0.8021729071194188,1.4926737125831007,-4.6187882532517675,0.2685490312612843,1.1614115810447911,-2.024895588693423,-2.195030791882254,195.9857706938514
202,-5.074348117458379,1.95050698315993,-2.074251594522204,-3.2709813369917473,-5.098124530259321,4.750351615117955,1.1576560951786414,-1.1782702682770443,2.0844277023542643,-1.1320177404382876,-4.781231559808669,0.18488236321083693,-2.7337984309277963,197.4602059420204
203,-2.6905124527845237,-3.585009576477134,-2.5094344142333975,-4.446550312033497,-4.23887465152075,1.5821677833673713,-2.8458264556167148,3.6714996261486674,-4.80468451082603,0.19058984480961957,4.56875768125636,-3.2595939829641223,-1.5987048610873917,324.9431946881437
204,-4.847189728143115,-1.1989903203803378,-1.4012312799653475,-3.994854904837845,-0.8402450199166589,1.5032348292699114,2.8650039950151838,-2.821441267600328,-1.2243126054476263,1.9450218061206295,-5.082554102460644,-2.8209731324637524,-1.3611825539362878,198.26204973821854
205,2.1054532059297424,4.9211555620201635,-1.1349495044225668,4.563588298954697,3.1278916884433574,0.32992451249470794,-4.718835473449359,4.404113007299578,-3.0864880698831776,1.6501289274215938,-3.6780574093558753,0.9734931652009551,-0.9498310196419355,236.23145748621405
206,-0.8012040412290695,-1.7914134576536336,4.0901930866376475,-4.777708343478243,0.17257217993768223,-0.14836657239246076,4.831538623981696,3.3001511626329485,4.381997169488318,-1.23402754742196,2.5350056488665915,0.9068579571551251,-2.938642778916747,214.49063243287208
207,3.9609025498182726,-1.3732822194961907,-4.64236833831911,0.7560120433227615,-2.466948147756389,-0.4179853237054044,3.4359108570661583,1.7700186222748062,-3.8807974718406717,-4.57267482506222,-4.42230315161523,2.9016653694451318,-0.43349976837220583,296.1108906654076
208,5.073950802431385,3.3156043611892856,-2.562261048787164,-2.4602774237238925,-1.7007279440178102,-3.6569110018760353,-2.802939213572964,-5.080940322856172,4.07718770555909,-1.0980717080488362,-3.5457014721706055,-2.4733792964170944,-4.643099449730548,306.6070371372065
209,1.5708099496608983,-3.0668529155767277,0.9815576440470124,-1.4197152911842439,-3.6760859011478857,0.8516312415739736,-2.5353138153771044,-0.9916493061410385,2.5966594960025575,1.7937877650623206,0.5321489561159638,-0.17431358973154765,-4.129265222519022,194.6657029140053
